alpha,beta_logGenLength,residual_sd
0.4088273040062277,-1.1769864573222315,0.1110256517965218
0.1340751988666317,-0.9214897756789857,0.1577755651747364
0.5542859361169752,-1.297807826049379,0.10857430358135971
0.21836197605590793,-1.0297201700487024,0.10278370213652785
0.20384330520268296,-1.0100644474471903,0.14596814676033512
0.2793713379661829,-1.0841619129956632,0.09490480643183047
0.18666336171912432,-0.9989718506974734,0.13204801386369025
-0.04203191470579966,-0.7615322405256781,0.1308635936546575
-0.06447606472290102,-0.6966936407215252,0.17618174519923596
0.21205942437710384,-1.0392466361827934,0.09588430337625403
0.23827742150552061,-1.0495040245005065,0.10539597992714345
0.21011207047347796,-0.9810280508672287,0.12856283152353315
0.3126945522265149,-1.0773971488384977,0.12415122771873224
0.04654023119406729,-0.8756215293082866,0.09384769719747706
7.81352649792344e-4,-0.8763376880206357,0.11079166394378998
0.23304713866800728,-0.995552536985859,0.08728425290314404
0.25976240797654904,-1.125873733650753,0.1648806360380876
0.3461810107214567,-1.134633039844927,0.10136845227094002
0.10624192356075084,-0.9931896571101769,0.13600062516053724
0.1737526996599243,-0.9793441260874205,0.08471150967337811
0.05887643095052643,-0.8333340316511336,0.10449566883395539
0.2851532143550055,-1.07108381222318,0.11406644260156483
0.29282895104822765,-1.0911317209095281,0.07514130763791274
0.2720654054046763,-1.10555603584621,0.1263810791631217
0.020529200319977868,-0.8316954433789299,0.08043197760354381
0.37202623139652286,-1.164688853203391,0.09862113056366058
0.35496239667137935,-1.2175140091595438,0.14989006669654273
0.25017143740452596,-1.0705682067553466,0.1510382276921891
0.28488033000334156,-1.0425431651598445,0.16263122184746615
0.21396339631620223,-1.007863694085696,0.08487887949016205
0.2048854264013058,-0.9361839151014507,0.11079009670972906
0.3621466680623988,-1.0719740143087535,0.10236621731841028
0.19443034455241753,-0.9866855130613554,0.08913599855566426
0.150658208673118,-0.8880034016090819,0.12244954260879083
0.3956571406885717,-1.2019962224818757,0.11890631581418258
0.25316719742334964,-1.0837783354770307,0.09493452231791272
0.26250115971983395,-1.037709785089168,0.12698685605339755
0.11936393905799321,-0.9330070889602632,0.09332838410588619
0.21141617770600454,-0.9909140346670217,0.10182547385667051
0.2429555036377366,-1.0256670270524721,0.09069951289074768
0.31131032554166843,-1.078149046968391,0.09506017115093907
0.039482011821495654,-0.8190126812381051,0.11441707941747697
0.30138620071194244,-1.152807218854338,0.12308006277665623
0.29536747799321594,-1.0852045407199216,0.09883291248900897
0.279430368335378,-1.0795087395717873,0.12046009559650642
0.28264452651250427,-1.1074623623811002,0.1584252002522283
0.14481423620036052,-0.9503787695854196,0.0943212110065496
0.014316352902880646,-0.8231489260950774,0.14926998387222715
0.19335616712619183,-0.9939411461582551,0.10471727180849887
0.045734574484660374,-0.8279666272917401,0.1005831928454318
0.31001301781404444,-1.118732088934589,0.12694180485182568
0.22189685025145656,-1.0395325336499375,0.09718356054825275
0.3206468796518463,-1.0925529132950387,0.1092877822001698
0.12436843526597942,-0.9391507079969659,0.112814020508746
0.15284918531522904,-0.97644445954289,0.13127875481528106
0.23232547271015136,-1.0668192063795552,0.09881123705896462
0.4084111247184266,-1.1851339765806004,0.09545196002858533
0.18096816709955513,-0.9376289657254842,0.13245107727049932
0.2134413458754193,-1.0172442429636748,0.10431771255298336
0.2806984633036142,-1.0484066955546603,0.13635588492628511
0.06313521290686845,-0.8065307788267714,0.13030445639438504
0.30282702966563063,-1.0293749150653921,0.09670038708672367
-0.009923694189999818,-0.8247236006393661,0.11660191127237973
0.34095084142146276,-1.0544127877300522,0.16576984739662431
0.05019251739883954,-0.9015897936159089,0.11535293734311983
0.47950884255256765,-1.2670642236844918,0.14930022778381075
0.2842859313628215,-1.075872193928667,0.09481509753085306
0.2119285602346775,-1.008970932009856,0.09709547415674212
8.072247125204615e-4,-0.8195587009891037,0.10817432470287593
0.3645604078985016,-1.1332384111128202,0.10911361044524118
0.06992567138792745,-0.9011459349903612,0.15473643732373465
0.10241577739102155,-0.9013680351822179,0.1381504340994103
0.11396533489219873,-0.9409227094711441,0.11306239532296679
0.07437815066335725,-0.8729986362902161,0.09625531874430643
0.26510051932074263,-1.088809930413049,0.09077936567946138
0.29985252795451245,-1.0859424825912938,0.11596101333590068
0.25979386775999747,-1.0598165061152165,0.12853554391099759
0.20938167783149803,-0.9866635884198505,0.11441869139604811
0.15802367303720594,-1.0063618113779458,0.1319924493721525
-0.13315681244172106,-0.7183906432165664,0.14840883103458274
0.4067133377486377,-1.1768796831720616,0.10700732925977416
0.15509801689788222,-0.9405501093777046,0.07712900954099373
0.20378560310319488,-1.0045249870603343,0.061286415094237205
0.12591740176798824,-0.9587490980124334,0.21626975512212
0.12245730881446326,-0.9613458285744284,0.09246838723566546
0.4063362232561325,-1.2078177934864893,0.21451491186668067
0.3205389835875606,-1.060628217028665,0.12605738922960258
0.3204741768856043,-1.1267752655409577,0.11601124155499219
0.3185191176030898,-1.1072133279728449,0.13519412840832662
0.3949066187001488,-1.2046097187616105,0.14989909076191213
0.1272254199629693,-0.8846047839010075,0.0944985158777589
0.1836461581042591,-0.9180778176600294,0.16653062887324058
0.3747295842907865,-1.1578637784066121,0.06779438131464441
0.1938785809644677,-0.9994840763459826,0.09292021727746547
0.18030241195450597,-0.9607430146693485,0.0883798242918173
0.2847992535103297,-1.1142960688840111,0.15545649621214724
0.32934853517945073,-1.1530290405336547,0.11082931996951778
0.5062126329248191,-1.2890033837232604,0.14087265649146039
0.14164493978446066,-0.98405574479768,0.15704286933955675
0.13193959712499467,-0.9306890304327404,0.11487167857517809
0.2624886878238375,-1.0867837857340306,0.12078080948785841
0.15988409405016657,-0.9318810180902981,0.11170735016690705
0.45864901617585013,-1.280995619476363,0.1765384792034814
0.15747449312297243,-0.9588241166350471,0.1045080416451997
0.15890751262031294,-0.9699196065516384,0.07048196129489417
0.2199306860124203,-1.0205992086425255,0.0977143483963445
0.08832456130976288,-0.8900124486424377,0.0786808631990562
0.1685184911328714,-0.904761492510872,0.10836813293117198
0.1806281730668465,-0.9442054279165031,0.11898957541334257
0.4126831293848282,-1.190494871141918,0.1269595170561135
0.39534723971980734,-1.1493534440055748,0.12310633303273627
0.2167150538455877,-1.0496670208655807,0.1296499952196677
0.3490316253868643,-1.1235037048877736,0.08708186779798938
0.3447223349790899,-1.1312581868587042,0.10260013414455849
0.41982759152475885,-1.2292897986728508,0.15531693580298944
0.4706242075981674,-1.2576804362459426,0.14858237901066013
0.24535120272384703,-1.1115171627283167,0.15502613379408164
0.2584381430535539,-1.0069220582232263,0.10625880547729333
0.23289690244726569,-1.0244198614333813,0.0849435688193292
0.12398524139919737,-0.9230993420216401,0.09104094753480381
0.2060217666368187,-0.9696355261475382,0.09158008304655821
0.26875347521412424,-1.073837504337216,0.1365524012242007
0.2649033732797698,-1.076777718451349,0.083384125276101
0.3999869989811425,-1.1864189427688727,0.12738377893053993
0.2015546329499485,-1.041802065516142,0.08870634801530694
0.3189461985213098,-1.1745292665072191,0.11205516615596088
0.35243305820077475,-1.182506818097175,0.13995093431748495
0.31818628319184067,-1.0912751618114085,0.09735841315578407
0.15523793173734632,-0.8830081251821126,0.1628220430080232
0.2854329822722429,-1.0653711514739665,0.13096443648968203
0.3537586663506095,-1.1417161714807003,0.11278748948272627
0.2795945011601487,-1.0536233511652493,0.12106355392065175
0.3132444320612746,-1.1053875997514395,0.09687868302530105
0.37942024702961186,-1.1558613919544383,0.1391954958431576
0.1499646809586323,-0.9420555072775452,0.10933183841803511
0.4285611952733826,-1.110506067628163,0.15335726450737666
0.0691520422719648,-0.8768299877782948,0.1107131116376068
0.1658278651342779,-0.992253385262818,0.16094534916913106
0.18537943262965542,-0.9744015781666888,0.09880790178561102
0.11728116178065057,-0.9509459657856097,0.13981323430576653
-0.07569203585438847,-0.6853105893545766,0.14084974212820522
0.15547966135360278,-0.9752427252966325,0.12851225475122346
0.2918941164196508,-1.0471519288259252,0.1829638029026399
0.13110154253629408,-0.9218648382310987,0.14216981652801478
0.047511127024611605,-0.7861477595329447,0.16117245906836486
0.2858077144790585,-1.0891571487905662,0.09144311689948649
0.11661003283825952,-0.9181826242052835,0.0968695638014066
0.2528852384853073,-1.102861542143556,0.1266092734517768
0.022391928041855365,-0.8307960499576817,0.09438488653877544
0.21428004905604361,-0.948880748008971,0.15148099278810995
0.27831313398705754,-1.0480907560964865,0.10349129978452842
0.3247109069111046,-1.1035686128863549,0.09579037768888361
0.18359769165747586,-0.992652121132955,0.13150536913661245
0.19413331760078106,-0.9905082121995359,0.0815099160009606
0.20355211781154617,-0.9987844168879353,0.10422160886342503
0.042547742873373616,-0.8484315722827388,0.08494069322689105
-0.06068749900318622,-0.7972736123203649,0.12654942746870018
0.046647517188849796,-0.8219332949678736,0.156008025762928
0.24912774839481064,-0.9987350540909946,0.11313861233527175
0.33752461855542426,-1.2097155690414572,0.11371966593335343
0.17665230938394508,-0.9867297378298185,0.09650596185073183
0.2801326486228731,-1.097443747782324,0.09765394548978805
0.15095635400638632,-0.9487454640300218,0.0840906275435086
0.3884920010828029,-1.1808368900627713,0.14441442937010296
0.20194836731279706,-1.0419434755764854,0.10621737799977549
0.10393484865320438,-0.9212870676893242,0.1122095213866525
0.17614856577839702,-0.9308149003489892,0.1285538086895748
0.2505933554061586,-1.0788810686004866,0.10141714565050094
0.20625103542772869,-1.0170710079247016,0.09616202832917882
0.13177148743223793,-0.9146445512326543,0.07626600305770245
0.21036934900001172,-1.0025488265007978,0.1279677809936221
0.3180172717479496,-1.0960388112084924,0.08478476569962443
0.10724089569650219,-0.8749855826751965,0.13555696665234682
0.24594143562048987,-1.0010783594605213,0.10813699357902527
0.27812103919609066,-1.0064901818402618,0.15437378481350864
0.2045573741631949,-1.002729513512386,0.10751043665765382
0.29872718541338883,-1.142017906447551,0.08225607398451333
-0.076366864236020765,-0.7843617192712343,0.1223125995868436
0.14903105098710331,-0.9690135876700273,0.08901065686418436
0.36750194895472127,-1.1382552063563163,0.09680644742388145
0.18650255000847113,-0.9942026693169913,0.13670225774935685
0.30946253515567473,-1.120929115006189,0.10300523746385007
0.3886712203730197,-1.2205819539281728,0.09079533474762536
0.2043926844823284,-0.916879293470333,0.14889284626089538
0.22956438625862932,-1.0319198088168997,0.09602743132670752
5.513117560999974e-4,-0.81032009388896,0.11245602726218297
0.08497942711576839,-0.9214908885472434,0.13843734185799245
0.15870806631932674,-0.9691413132462229,0.12650703203191999
0.38925174067390444,-1.1603400976328855,0.09707239685192877
0.12972509616279954,-0.8817127883496673,0.1267990089423895
0.09338726143711097,-0.973409785306442,0.19344968683463645
0.2507683863602256,-1.0496265876408852,0.10443638891713153
0.35158032149686186,-1.1357557475163775,0.09099763340044265
0.20827877016695875,-1.0245186069080021,0.08820921567815312
0.3369597685606018,-1.1672645967148494,0.10034352834074692
0.09630674598794303,-0.9108346133626102,0.10261950702690185
0.24186463327093086,-1.0249724611718793,0.08418320900058619
0.2903609611995653,-1.0320766847309952,0.11592282156678359
0.23233726569060006,-1.0372945463042684,0.127513315068438
0.1583951217825288,-0.9807393949272949,0.0973549937741832
0.06945642422444853,-0.7836924106738368,0.198036704992881
0.12033686101974868,-0.9439974223874759,0.09550623856231005
0.1824720198832696,-1.0007370569581011,0.115254812796533
0.23516629401916983,-0.9814268120200496,0.08389933322624198
0.2944562480775876,-1.082718909771909,0.10697642688944027
0.2679622929991231,-1.1483023341104346,0.11949277441587364
0.22389040970563048,-1.0091433538893115,0.10295337131073329
0.25641442665441444,-1.0460038720432023,0.12478528691206123
0.07364535531295904,-0.8785835039914677,0.14515946159335452
0.23893470457738766,-1.025103227062534,0.09185485366277023
0.15511379196667455,-0.9096002641924409,0.09139926206391544
0.012153316961323463,-0.870338443374076,0.11976012717667528
0.27948558566017145,-1.0800310274809162,0.13409118411793364
0.05928338202808549,-0.8265953186251686,0.09232646158607839
0.12340003920323714,-0.9402284642099792,0.19810129674019
0.12463910169311211,-0.9297165304660533,0.12672238045677686
0.37501362730477583,-1.1330370067762094,0.13220831992454385
0.25841172726109507,-1.0468411928205474,0.09245645689057369
0.3284374942762476,-1.0967149387251394,0.10682848087782242
0.33023231660416336,-1.1121052555044668,0.11380260109839799
0.37447977943814464,-1.125489761461582,0.12290253909899126
0.29980497025040337,-1.0665816587700612,0.18032398967960228
0.13382877766290563,-0.9597851826087194,0.11526147622171688
0.32812183644512527,-1.1391794868033882,0.11267660943218433
0.17477337985948457,-0.8970465058923084,0.14024904606412641
0.16940114468831124,-0.9761418848586552,0.08821500066254932
0.19204157548026418,-1.029228735307624,0.10508434170092168
0.09504262182903249,-0.9163818588877518,0.10310611056023974
0.12702190480422204,-0.9469102322804624,0.13028420219532613
-0.034045412236224926,-0.8026500889991951,0.12422639857950113
0.18627880938926614,-0.9677030152563957,0.11195470037263447
0.029485154523113448,-0.8495447870695615,0.14959362357046746
0.2661152790973123,-1.0547749787691183,0.11190132850822954
0.20672064358940062,-0.9886860144386388,0.10551151494414653
0.09520194995070702,-0.9153767148941984,0.1051049724337669
0.29700002404348175,-1.069427446938575,0.09935118389535204
0.3106680137385567,-1.0675791582950929,0.10518525044022803
0.1770860348017822,-0.9407190730358949,0.11515034263471646
0.20894676233356002,-1.0038650597869487,0.11775317881912076
0.245198243062364,-1.0183689499412873,0.13357830670144238
0.37963528867557755,-1.136597011863687,0.11916395385932742
0.23157416696628944,-1.0463644032306614,0.10294616198492015
0.11646855641394649,-0.9476462904910713,0.08826167011727576
0.37556953476449517,-1.1917639163828533,0.13887068877389988
0.2899691937479388,-1.078358265061923,0.12540191263577147
0.15465640984849072,-0.9883155800266349,0.12056855999188784
-0.027563586157087865,-0.8344657184365004,0.14932091580390805
0.27691262255881927,-1.0735971956307737,0.10981362578656788
0.16696903773770544,-0.9439331648608261,0.09645176745336186
0.07142809460085753,-0.8357529112017811,0.13556434437155718
0.28733832650058405,-1.0968901213031272,0.11463018197077653
0.1925100991628983,-1.0274507480880253,0.08416842955400847
0.09973487891757057,-0.901282932567682,0.09044160524753504
0.05583696532322475,-0.8324953603241281,0.12965419626966695
0.10432399802043776,-0.9359794700819568,0.15443124675482564
-0.028543622519684113,-0.7646544062472448,0.1179667821482875
-0.1923879664594829,-0.627393277819276,0.22300854296915418
-0.04935862683585804,-0.7145590626288695,0.11382293273041924
0.11807291669868435,-0.9134924074203048,0.08446472384461497
-0.02398578028484476,-0.7644269454243403,0.14612560005202724
0.13663154119755205,-0.94845008849216,0.12551071789844553
0.1570335398953633,-0.967291090198323,0.09781618573181289
0.35311952124921864,-1.128925113118725,0.10091044475733536
0.006422629806284039,-0.7517737362895401,0.15194466804379497
0.15662306761709321,-0.9500058578889196,0.08536031557799155
0.09458084370396026,-0.873572962334153,0.12262357805184579
0.1610605281533903,-0.9481279849187605,0.0748592629722024
0.17737598587605471,-0.9467467079079143,0.132998711502749
0.14034778385074242,-0.9287359602828631,0.17182961459941515
0.09684068203649965,-0.9703466908288608,0.18651126876019294
0.09904269514430886,-0.8417862462320066,0.11742383743189198
0.1503393607855897,-0.9230612582233985,0.12243696345299601
0.21182669210480964,-1.0047751691781606,0.09931928202197557
0.3507697135894373,-1.1305140442411925,0.08345167045178517
0.4120877944729565,-1.2016277392463048,0.09926726735179302
0.27362023911137173,-1.0993959007748904,0.1155525460235522
0.2212819563713754,-1.0136342101127496,0.08145614460370378
0.18660149425915942,-0.986958777840933,0.09251341176983181
0.12925344492960644,-0.9527034534413044,0.08873669130797979
-0.047665134393069276,-0.7345850938557084,0.128361576709962
0.2314657394210092,-1.055217038617386,0.175830894630555
0.40508309057722036,-1.234137300341888,0.1151786996720454
0.3306201566199848,-1.1118952252238117,0.10194096990459448
0.16060467010923632,-0.9549051668996461,0.09751368808749811
0.2656790438374936,-1.0593452734393043,0.10260050672949703
0.1768307270352093,-0.9463567587027274,0.11305875972196672
0.045388513075485824,-0.8840899476606947,0.13188386432529633
0.298520626644325,-1.05815798247695,0.09724138688065863
0.23873416001367292,-1.0421640933280787,0.08613670543459054
0.2747315044170639,-1.0985977752435103,0.13869200882527621
0.16928458289434437,-0.9894229946696315,0.08913506013978983
0.17300537718563333,-0.9832648423208219,0.09550513335674791
0.20491167884881192,-1.0109670931395933,0.10706588131017292
0.2688977807069235,-1.0419487126616256,0.11381435850960525
0.4025290938692651,-1.1703227214414262,0.14548488614154614
0.013671210538280253,-0.8297756256207617,0.11458593596527136
0.4316847784355562,-1.2218097799694445,0.11821827390173889
0.21737339184696447,-0.9539170660195971,0.10816423558482105
0.22515887636648535,-0.9597692062947331,0.1259932842774068
0.4147866075281164,-1.1950348629725318,0.08901438246189856
0.1611056614843941,-0.9696380292162355,0.08997870281315608
0.011965562608301103,-0.8606685857687918,0.14180549487792174
0.19548993620030672,-0.994161357141368,0.0628383902186859
0.22320446970269342,-1.0562877954010694,0.12175477900715101
0.21662058115694957,-1.0507168144831407,0.13559520927582236
0.09877733746535075,-0.8693768270695102,0.18043914757086957
0.19682225372674395,-0.9741063585318004,0.08225274420322656
-0.042963011815007036,-0.7069839615837801,0.11476139961320281
0.22719765951310505,-0.9821940761019177,0.07894399789583588
0.15505585892354065,-0.9641740628017411,0.08520471791844766
0.23647038918900595,-1.0329758556610253,0.1251007460570402
0.08928398924070266,-0.9218890201277301,0.12112496757971772
0.0604050600055605,-0.8601145995259797,0.09839751280461866
0.1761689574064519,-0.9527556897822482,0.1153949410964354
0.3601254990289065,-1.1936306513005357,0.1869912547287787
0.34219898851102115,-1.0987054737720614,0.10435444451583871
0.3699756924606364,-1.1562071693179503,0.08485322948273051
0.2558499275708857,-1.0516553983199162,0.13919335832012703
0.15864872312208733,-0.9143271653188777,0.11475438361870577
0.1413244339457373,-0.9732894160422789,0.12734315046524503
0.2821570829576486,-1.0554412438218284,0.07811176546718573
0.27610567414069564,-1.0846778784197553,0.0785036415158311
0.391322908333723,-1.165415117577069,0.09993745606413307
0.30942056956899555,-1.0581261420064754,0.10885493237963673
0.110308867564584,-0.9125165587607297,0.08569910474142274
0.14586254238574345,-0.9599340043363714,0.10342031544653704
0.4038509997752366,-1.164838608206991,0.11676037185006789
0.21811915250497546,-1.0271681360127285,0.1307450147998635
-0.024376199844037647,-0.7528284476680793,0.13503671354522373
0.33563189047757824,-1.108727226791008,0.11780398363056338
0.20873951516056982,-1.0067714827111738,0.07900279788180221
0.2953273623483913,-1.0933270887649857,0.12210741653949345
0.37835976937991656,-1.1458662265938084,0.11537880194759992
0.15276382124729243,-0.9546308504890569,0.11033084453608331
0.24743793766714203,-1.040685491940147,0.1125802327178613
0.16929889529925993,-0.9492572162660325,0.12695510097508683
0.24627397627228204,-1.030826904794826,0.10725388023082935
0.3767651057387752,-1.193157832575097,0.0920870064512113
0.017120222900267427,-0.8158832086165737,0.14354714405628305
0.09696430209651782,-0.9393034655587768,0.09861425756080716
0.3788680576327107,-1.170835545829234,0.10372910276113247
0.4479888591388126,-1.1530077028181955,0.13719927108237806
0.23287836240913562,-1.0385897121686338,0.07989834347711222
0.05723408017408401,-0.8083168382050501,0.2108267960634195
0.10074762865720605,-0.9615691231706592,0.12212329311412726
0.18052570417685318,-0.9434488693808852,0.10421524690836591
0.18334374045230792,-0.9406444164467923,0.07952287632167154
0.2420189528748162,-1.0542798873407362,0.09766149400984675
0.42202986683736937,-1.230121860947794,0.11434121681029984
0.23789483131615427,-1.0834224129804675,0.11480701607465096
0.18384933731627515,-0.9752409414639492,0.09112845003559253
0.03661486798973028,-0.8645782768101098,0.17864989827376365
0.23858420142009257,-1.0536297332748716,0.10292847370747003
0.18643495492052875,-1.019972754633288,0.10773937130802932
0.2288202702015524,-0.9812440128685722,0.10304240380848045
-0.07457724293498656,-0.7041134562590889,0.1269752500017042
-0.05827825054792728,-0.7566077318101443,0.13483205050185906
0.27397116267692817,-1.035215997565678,0.093900778610062
0.22062193580228376,-1.0330695754769446,0.11341372579035577
0.241051818895495,-1.0211255279829978,0.11038069308270346
0.2451159642044768,-1.067501123153694,0.09725131796410223
0.35370734175055857,-1.1490129555402118,0.09533442221010412
0.13555720774669702,-0.9293756188413433,0.18748820721369097
0.18091618379053187,-1.0631110527630097,0.13779890677216747
0.25655492158307713,-1.0320379640150983,0.10414305213089382
0.15615665523063377,-0.9749528363534709,0.07975996138337563
0.12705504926370423,-0.9284599024950422,0.12115377162673169
0.19299278579324447,-0.9707814966137989,0.09337712014723588
0.029437218629791845,-0.7803539022270174,0.17281377875788623
0.26694337359450226,-1.0703904907496244,0.11753107066505189
0.36049557587040204,-1.1376953658664146,0.10338509244427388
0.29408182931309307,-1.0827567820695003,0.11098940504027596
0.35208755593157914,-1.194746979610604,0.14847269889555934
0.10446107034924204,-0.9966620246552121,0.10570783180603763
0.18846111978849897,-1.0230411271230906,0.06860661624712239
0.22706488004624004,-1.0343355131651704,0.10055696186550692
0.0877268951463268,-0.9483024802596304,0.1331459105312105
-0.010041930737868346,-0.8025362610235323,0.14566550742523715
0.067118956032145,-0.836012821327847,0.08359532500352776
-0.07775424176607985,-0.7174842045797067,0.14562593624755293
0.2366603934446332,-1.032592671230969,0.11476603980403358
0.2836768412456306,-1.086190642162863,0.18320896672575326
0.38270440850542836,-1.129662876399902,0.13251584468171962
0.2384973837656854,-1.0577813359668558,0.10318965476077196
0.1405814226639634,-0.9156081117226388,0.10886318288997793
-0.06446841397845024,-0.7593615858335773,0.12918936694260458
0.25637307855793084,-1.0522211536158648,0.09567658115284808
0.3066031789129519,-1.0979003961686933,0.11532270873246117
0.3360890733419235,-1.1022324648279247,0.06729563406844526
0.24067792652020972,-1.051352184895207,0.08732309949702388
0.1282184516249296,-0.9866129996415622,0.08336416398625439
0.18782489069388736,-1.0094015122582602,0.06512591745022737
0.23921221427173767,-1.0184040441079474,0.14690623254589652
0.06719518774261043,-0.8063784325715014,0.15863089825199206
0.04233677798376961,-0.872453533238704,0.12067789479570135
0.041845482356222735,-0.8613591423805886,0.09279398477049948
0.2135883981425817,-1.0381683393457144,0.10920246749451878
0.36433295573689556,-1.1543202586889862,0.1072236589195239
0.2624662359167288,-1.0700706090566439,0.10014891455415925
0.27206532714263504,-1.0758452165749728,0.07321164468606459
0.18367504055454068,-0.9864124855722501,0.11351224231360971
0.2716460560166323,-1.1009554503947103,0.1398274355878189
0.08768709397062348,-0.8081719829679987,0.16485629720784412
0.14628071223976633,-0.9150011843419803,0.095087268009579
0.31573190143081653,-1.1075485059759127,0.09712254288087052
0.4267344194891327,-1.2234213038644208,0.1113484861585092
0.4181477080244452,-1.1764486853312912,0.12533873158547215
0.27302663610892264,-1.0565740378650503,0.08967231587318722
0.2792915544316862,-1.0951200475123097,0.14601556564685242
0.34238210204401254,-1.1239203093527756,0.08595641888681402
0.374115900719279,-1.1797750988057751,0.13112974446600234
0.4082292020811138,-1.1187847158110078,0.12782948214420464
0.267722319536276,-1.083012693049784,0.10497904022940033
0.26730196365448095,-1.0589481388868387,0.13689223614044865
0.16177666163212792,-0.984838718070929,0.09426578748834527
0.16676625539407014,-1.0430999089041526,0.09783894794341563
0.26039329884503554,-1.1124383260100852,0.12919142847114845
0.42838545693615093,-1.222130145068704,0.11731010844311472
0.3208003891798809,-1.1088478732603644,0.10916132450135826
0.23291885264190704,-1.0069723869959772,0.08784944392645441
0.28684413500051337,-1.0757102841347965,0.07276709486099626
0.13757909578290187,-0.9370345794960471,0.06114767783908912
0.15732343886418768,-0.9138355159038349,0.11007748272747898
0.24673133371846817,-0.9860617947598547,0.22217638414627272
0.22688265014728565,-1.0417184761948353,0.05752931855233882
0.32496623954342146,-1.1081676789233725,0.09138017485146062
0.3295198835217456,-1.1547081770361733,0.10712882087551275
0.25552795984810406,-1.0875117623510673,0.14157061965173318
0.4059213096966998,-1.1588002846169654,0.09480953864703322
0.31501853903435534,-1.1100172669642108,0.09884116309379341
0.23394325090052348,-1.0439732160517816,0.08619147466432116
0.2712490188072744,-1.035393267804542,0.10751587484332965
0.1448314440125493,-0.9533690904263414,0.1193881437243759
0.28461016885141655,-1.0654357873225107,0.1049814485240775
0.18186942670007414,-0.9758827280972062,0.10160498427532766
0.06640490628456516,-0.8881781229450639,0.11065504577480068
-0.03149501475303636,-0.8155084141316306,0.11221660132497988
0.2198505781147042,-1.0368289865793547,0.1412096176913787
0.2500566998080042,-1.019885772600254,0.09326403496154162
0.2171198477194346,-0.9498000455146939,0.09011017626177956
0.15840222194835799,-0.9666258221644579,0.07229582325199232
0.29229231213531226,-1.0944655751436774,0.10661737200474417
0.3127949345156181,-1.1521362653913272,0.12677827429441862
0.34358357189463223,-1.135018388993205,0.09522438049533768
0.28624403941788235,-1.0680377292778958,0.10002908386584834
0.2265461191109442,-0.9791525152181023,0.11545110982862099
0.1890715965137867,-1.038691414064556,0.1316909096875445
0.023990207925158824,-0.8729285646958521,0.10572836372925026
0.22518105147055592,-0.9657527626515233,0.10170827566106279
0.39390153999199606,-1.1936910491368575,0.07822232733990503
0.4379049901943171,-1.2949546225133026,0.14881654065509828
0.16721244712824865,-0.9581661606165011,0.10190244400575933
0.12785159987384204,-0.9209109668796834,0.11430419854865143
0.06906143291809133,-0.8963853999817908,0.12630189311516704
0.1545668865557561,-0.9664620919135223,0.08933750493101958
0.1752224712653653,-0.9290250205733921,0.11791594283639355
0.19579936163848477,-0.9600373149322734,0.11508331532975394
0.3803889353126442,-1.1850141533674874,0.12769431953690688
0.09214096759245148,-0.8610585927302654,0.10478544206672846
0.18533608137232188,-0.9594602604266557,0.1497404840492678
0.14496933234118692,-0.9087575180532989,0.09265888122140112
0.14844519394318997,-0.969887583367035,0.11446215522535536
0.28422992447956424,-1.1408240100489169,0.14778230198607295
0.29989517216215134,-1.1208252147132771,0.10552082183069317
0.2757509475235285,-1.063251648898984,0.10651468250321475
0.3244823091969693,-1.1238680261421872,0.09297437612199115
0.3704289788221334,-1.1741952285742283,0.11552914463639882
0.1472050762284525,-0.932498727358989,0.07663607503686516
0.21571399236523905,-1.0241365246961696,0.09178527630292208
0.24370202597169216,-1.029362873122657,0.09533042239333633
0.4380008948318235,-1.1710745844095307,0.10532735528213143
0.2435290895905217,-1.056260568333567,0.0788073847031632
0.17549290300598958,-0.9576000488433696,0.09195824528535307
0.40057598444902276,-1.1912729408137597,0.087365753295486
0.17488577532494992,-1.0194052789114474,0.12213633905288816
0.26227569100845904,-1.036621731757457,0.08716317006474361
0.31840662310141843,-1.0738534050523127,0.14784886675070208
0.08639331649913307,-0.9003126408718973,0.1315842341826287
0.1764617146279032,-0.9587597007487856,0.11801276408349264
0.13237912695044918,-0.9560076400450735,0.09259985032175204
0.2680379743893446,-1.079333731976416,0.07829916678690751
0.10581717578610825,-0.9336012587586073,0.1303831076745896
0.1714547224615938,-0.9176224923172269,0.11667718715380752
0.13191723107535805,-0.9728166461419729,0.1106006165310947
0.09078035681512675,-0.8673584322093053,0.19578984443924632
0.07403792866641201,-0.8803798079095762,0.11548074315729985
0.15653939677085368,-0.9591810074402649,0.08963918430956064
0.37569866158791926,-1.1858256467808457,0.13430186857162646
0.3761090582185915,-1.2250605884368873,0.11332250679962114
0.31830556568355317,-1.0964369214945242,0.10912757385065841
0.24826769138311555,-1.0257868498796148,0.09285117697343297
0.43995240313171546,-1.1343664974214744,0.14501912386973215
0.24488521189730275,-1.0664750608444276,0.1609361870652181
0.2050161655286656,-1.0324850306973619,0.13066242894771962
0.3278751951568945,-1.1072174349538009,0.08765455128410773
0.292215240335347,-1.1176653232038622,0.18059658588917143
0.2960942503257396,-1.0779307530400548,0.09992022385552284
0.16561539661076552,-0.9515030022534414,0.20175707369684437
0.23135714455843678,-1.0490315578291955,0.11775985830198489
0.18685196405326684,-1.002337617638808,0.08242960552486717
0.40729876349948213,-1.1726301387866964,0.1091475810310269
-0.07190305326704069,-0.8292966261505658,0.19373304714632072
0.1655971911449841,-0.9468810689472642,0.1645360497319035
-0.09584568125441278,-0.7647961740656648,0.11672773861312079
-0.09157588671713904,-0.6708981184164587,0.12990674215574916
0.36377110955343117,-1.1635145340825703,0.13935175764921565
0.4342853612823344,-1.232726805051539,0.12452698026839878
0.2950342474617096,-1.1203589663057156,0.10612376022031744
0.3231434058923943,-1.0969373237355877,0.09568227093686418
0.19233185171732606,-0.9740797880427233,0.15430963168933196
0.3707425907226546,-1.1406422215437138,0.1022074148733267
0.6257674085726168,-1.3804068326373091,0.14053305503982708
0.38768827329066496,-1.2053297926947886,0.10701664552253501
0.16564316960405756,-1.0003611532650059,0.11739463752714552
0.34783110090386116,-1.1271130762874069,0.09047484301116475
0.06585103143080742,-0.8559833002861846,0.10894694620063093
0.06252104844028952,-0.8529446867202235,0.11172049309419668
0.3460788514189063,-1.119085527685311,0.0908193000720241
0.4587612177628085,-1.251766409399327,0.14073793569395118
0.4188779173143316,-1.2626700906206836,0.1040414271258816
0.10301778530325156,-0.9305343219676074,0.09703854442916032
0.08701959792567908,-0.9109007397755957,0.09730637275952611
0.38876602132142657,-1.1291156149163504,0.09726375148886018
0.32320377384706106,-1.1382341035796686,0.09351626640130581
0.23265574167789682,-1.0422830874499662,0.08169053809980115
0.24431354640924335,-1.0024267001602287,0.13931715567768377
0.16272340924562415,-0.9382055658260302,0.07980154067046874
-0.05527328150773341,-0.7511570321331144,0.10470516772467639
0.11403365592033514,-0.8781546847777026,0.09103773358644787
0.09147661916469217,-0.8750354048821758,0.07634344980927842
0.12149244750680388,-0.9375545773208686,0.11627314861425078
0.246336371434593,-1.0457133857988354,0.08040037431182
0.16151336651124062,-1.0170526258184867,0.10851490969826832
0.3518257241177383,-1.1433603606775196,0.08233823883171652
0.1774794067811425,-0.9687674372500316,0.09327450998906626
0.17413552296475338,-0.9817359527956653,0.11466167168110754
0.2770085784129599,-1.084328019968589,0.1204025814494239
0.3301564853815431,-1.1211222150376892,0.08358231727643387
0.1884615386269799,-0.960881671660721,0.10076318814077917
0.07551334579642212,-0.8666610859669197,0.1315041710505441
0.18642673908567875,-0.9561143983781262,0.0805486875247737
0.2064424685656767,-1.0207096133674145,0.09556691512753243
0.26319716544522137,-1.0503207834136754,0.09254663282791463
0.21585863201817965,-1.0318199633239715,0.08672508416835621
0.38030113638142105,-1.2215412493225584,0.09854169966139578
0.24995500799148107,-1.0148085539174676,0.14794426844230976
0.20564804032661693,-0.9885132860515754,0.09956396156879073
0.34104006175121326,-1.1381725898179658,0.10152980904357573
0.14706796739536993,-0.982633391362564,0.10241229986485115
0.09975020363492057,-0.9113959339474507,0.16656135445180592
0.19482250468207804,-0.9506730743954952,0.09519353555078681
0.24553369135345882,-1.0833421985904983,0.11489069456244291
0.223089694105181,-1.0816130723962074,0.10948796930900218
0.2491201505140126,-1.1022956638645216,0.091868283361422165
0.2606893955015426,-1.0343408394887152,0.11738503763086927
0.2623338964307169,-1.0446259980659223,0.12288667840640224
0.06962472963374648,-0.8981633182546294,0.09658656517670224
0.16872033474543782,-0.9380434444360295,0.1217232224198059
0.20944280517563563,-0.9842186674243272,0.09643968464442268
0.24951952091146112,-1.032149725121899,0.1516528260972261
0.1660812342539452,-0.9748802432814712,0.07645395220716836
0.1284986209660011,-0.9721774112303299,0.10288720807816887
0.3544783175981618,-1.122725862653544,0.2021424320344772
0.2112479272546705,-1.0311871701024813,0.09000361964583806
0.2239175826891954,-1.0101399236327562,0.12255029147058931
0.253945249069765,-1.0811911147286437,0.07718262081545357
0.19660872901482207,-0.9777620811926923,0.1341171688305782
0.20118348554473298,-1.0060175161987928,0.10139980594362552
0.1291953035075399,-0.931514424821033,0.11346178885747585
0.1574164411820801,-0.9656143322462594,0.12265315361682169
0.08867265955551426,-0.8882545859766815,0.08722299120547665
0.10216023905627311,-0.8776280378699277,0.13670376247248595
0.20439127799994986,-0.9727049176350125,0.13772689812406586
0.22096735949917423,-0.9874345246805117,0.08523498108790512
0.19925808138878295,-0.9492160224802088,0.16351309689592358
0.16568984732169947,-0.9827674222342874,0.07936856690426063
0.20270921880444062,-0.9744901777775673,0.11001919905305152
0.20723251841087448,-0.9873094697548593,0.07304708525986651
0.280411672913909,-1.074703810833881,0.09947895827547454
0.16300306222370278,-0.9587569970391989,0.08567953715041937
0.28095279948443375,-1.0872261445587268,0.08327141885789688
0.1342462380244167,-0.9666963013822113,0.15851418280400287
0.08522767739211426,-0.9199988472925598,0.10696532401583264
0.07890510840001311,-0.8769227409233524,0.08927707241791231
0.2898243937647747,-1.141329832553543,0.12242405786220786
0.19725181731636932,-0.9861407071863086,0.0987520071643661
0.1490107054694026,-0.9215759190479488,0.10018869885733733
0.16461497257903926,-0.964833199533749,0.0825761959745569
0.17679968614847572,-0.9714774337912596,0.1289426624548576
0.04582329743389594,-0.8497164811701056,0.13437611295553464
0.23442945271697913,-1.0464640182379321,0.08808270677729071
0.1035329847868724,-0.9258339991287574,0.11515974712435433
0.09087747916375927,-0.856707632903312,0.1283622895138794
0.2038388501354345,-1.043693070983104,0.14588141519490933
0.29133631539275356,-1.07059401984217,0.09837693912762668
-0.006948823520577338,-0.8649846674750294,0.11732503737077835
0.1345265870897961,-0.9370259300630253,0.11294595359416293
0.26056892439192686,-1.0332875157258796,0.08043700557388099
0.294649450687268,-1.0783832166091056,0.10116593776280318
0.42992087945613144,-1.2603791903902353,0.10829635441490935
0.23520093727102964,-1.0683945018611398,0.11884019156344724
0.2423877637797193,-1.064078503259529,0.10751810405915053
0.23860198600082644,-1.0453939477843988,0.10774717972416264
0.15750880438943216,-0.9234543609059088,0.1076546089965634
0.16780830927229295,-0.9628556031597943,0.10501057898383814
0.34350048099945607,-1.1247689083642403,0.10155687647515128
0.1346843243590448,-1.0147436539501566,0.1291601229410718
0.32361598781749173,-1.0984427719904633,0.08973256495050629
0.3327278242482259,-1.128254991556194,0.0655989609007177
0.3438816389716549,-1.097266461613617,0.11242769046185726
0.10163859988706464,-0.929146313008127,0.1158363261205526
0.2741017249017312,-1.117150947841189,0.10200612704886883
0.23241766993853058,-1.0138472255798803,0.10488868042463596
0.1929020632752479,-0.9935622203932262,0.08822457376199348
0.34247698226317985,-1.1385975011577631,0.11621466087807003
0.21557322426176861,-1.0292920229532192,0.11009303314025895
0.2573439814670301,-1.0789650778277307,0.09136684446729264
0.2903484642027538,-1.1191185385303544,0.0853506449465329
0.3510763651425609,-1.153613010396387,0.08522689342164178
0.21679719189333388,-0.9501792956951365,0.09500369217885028
0.22413777719768002,-1.062968043310891,0.14567582558982436
0.10474929450108802,-0.9131688115345892,0.12084379389117378
0.16452618915551903,-0.944453710317748,0.23073702091906534
0.4059856316785489,-1.2098460254043837,0.10185555911687497
0.12210095357936093,-0.9136446005970598,0.08922667271809784
0.24293025465353318,-1.0913203135393255,0.12593952169606437
0.15337775855676103,-0.927385738564375,0.08811930396725687
0.24570521572655332,-1.0383087105876285,0.11866695792746354
0.13881836640970674,-0.9579352770594002,0.11245294369150546
0.11665891753989818,-0.9385318456262354,0.12973656617772583
-0.02547251247828411,-0.8292577403210576,0.13742670667288254
0.05326166519325018,-0.788635767185222,0.13173793072648138
0.22507816777933798,-1.0627680701225373,0.0977554620567856
0.0959724267382642,-0.8485494721194212,0.1299568708435812
0.29246714213580366,-1.0727335561842457,0.15940092702189826
0.16617288293408847,-0.9956019368587772,0.11780658213619441
0.20256815849700605,-1.0211394773587545,0.10569173903227623
0.2651046476439949,-1.0172602811541127,0.11838384624766778
0.2771484411341808,-1.1186824768863148,0.11291932799703218
0.2817210605845461,-1.1038738131090504,0.11281173040639264
0.06044303276624129,-0.8893275142946481,0.0982934909108858
0.25741749164052685,-1.0623889258926562,0.07947165679460744
0.3393452986882706,-1.1251780421385678,0.0946304847089018
-0.08782983485020018,-0.7218340244491186,0.14115653759276992
0.4382811219508224,-1.1926653394843982,0.14040280663787771
0.48136787210049986,-1.290714577143812,0.12028812817689162
0.3957116850302444,-1.2185421024334955,0.10300413039512869
0.11724803233294487,-0.9353565640536714,0.10918354044109256
0.29532010207789666,-1.0770300570571771,0.1023015211413342
-0.07293567907332238,-0.7154021228731982,0.15609448590864655
0.25819214879931535,-1.0557438575316775,0.15238579723374732
0.31807233821711794,-1.107243936238467,0.11852893312198692
0.2011569367862382,-1.0567314130103553,0.08642585218987853
0.14984495477159315,-0.947113046528045,0.10816938278208293
0.20051085077919859,-1.0352675743248456,0.1449816871702536
0.08564969556372648,-0.917908925511212,0.1018379498641808
-0.013691157432121091,-0.7381490606225294,0.13820319956569152
0.27571006155539923,-1.0819624166654997,0.09135805623034127
0.04564826043709608,-0.8209180543887774,0.17438105661633857
-0.016204562022181367,-0.7886778254699895,0.16951442922480728
0.16596525077133253,-0.9203335637752554,0.10710598746347985
0.06189083770587289,-0.9288846961638022,0.1361386137668794
0.2109490294685622,-1.0183427483919225,0.11942952781589303
0.11613969503608008,-0.8431425804161732,0.12683536634215056
0.18042328572490102,-0.9512040005183177,0.08993384433450113
0.3313053009153098,-1.1925906682389062,0.1355265444992262
0.2887513459432505,-1.0503426676270435,0.11103708200968132
0.23175485664409604,-1.0131047762395156,0.0909552228531186
0.24902528852309527,-1.0583271317267129,0.08219404208671305
0.1426990042503146,-0.9421018047356527,0.09138849565499843
0.27372605669021705,-1.1844934919611418,0.182900733799556
0.24476837907688317,-1.0211489046588575,0.08523750959836615
0.22697056215086903,-1.0577568221676519,0.11929307129376376
0.2884308057977297,-1.056389317801527,0.08783729031274506
0.19460075077057817,-0.9885237259463119,0.07778145297738194
0.4081532778170367,-1.1396150701764338,0.12682840900851383
0.47685461107575644,-1.245486481521571,0.08779649616479797
0.24597802679537736,-1.051439006844932,0.13880303172648592
-0.007460360939597774,-0.8164230501742398,0.11982405833683513
0.26252820598496546,-0.9910320731670176,0.11930460565597041
0.1758116758896551,-0.9966459018501074,0.10225688010657168
0.29043183581559123,-1.0661660456542545,0.1549275449730427
0.1670756546093442,-1.0169819708338679,0.13312084249870965
0.24480976628720622,-1.0138217511006768,0.1047900640659025
0.2602778253755978,-0.9499197786265207,0.22139744381140536
0.1548708735037529,-0.9561422791201477,0.14083081370720246
0.3547756086327991,-1.174699126085574,0.14493387868183583
0.33417493653559605,-1.1304369547864999,0.08673228600341848
0.27460453100667154,-1.0607523135783832,0.12029720428619087
0.33784725483913525,-1.1380105881284903,0.09972184159353328
0.3694431061648321,-1.149871737928705,0.1096737661221777
0.15827224732566955,-0.9402224831629735,0.09228900564931888
-0.12451890078323513,-0.7058642681625804,0.14656281593333745
0.1267506702712245,-0.8935680472393234,0.1255286691042265
0.22247346056768574,-1.0549287776905492,0.10292732250532849
0.036383805506696676,-0.9195169764465667,0.14028108913127676
0.08684159078807885,-0.8972511986709719,0.10243601954745263
0.13379318464143275,-0.9208897240117562,0.0882688848947208
0.21527605300174782,-0.9730450971135883,0.11271613933992011
0.2527170216850231,-1.0040232733920178,0.11405070501016101
0.54067677435166,-1.2920328447652145,0.12814471747116635
0.22255107017857928,-1.0436418582985223,0.11991717014865852
0.20525048576374988,-1.0093220739596245,0.10517785907759511
0.1616722242350942,-0.946801921580109,0.10781722573347208
0.1363273811281643,-0.9871717252020309,0.16169670451190232
0.18351861717297735,-0.9962826948900186,0.16178049749741213
0.15597868728518327,-0.9607016418819,0.13047753740733675
0.13187806005477212,-0.9338995942984468,0.07971905255246121
0.13847778487275644,-0.9299299127173293,0.10598718001783816
0.16121727463699745,-1.004691041420934,0.13013705405865503
0.10112096820873534,-0.9294407870089764,0.10635176146523526
0.25258868552581776,-1.012370968366378,0.13679467290489072
0.34939029970631735,-1.1690738018193974,0.09789423129194087
0.27311899219694136,-1.0972650887616535,0.10499317398042354
0.1351645870235441,-0.9374493774294339,0.09480527752458624
0.2181502846117268,-0.9857758491554613,0.09934793665025046
0.08572907004758275,-0.8609091354729728,0.1495013258781428
0.0523685478641636,-0.8968315129891036,0.15516048342320987
-0.004605012244678058,-0.7698377839772956,0.09360680012291966
0.1723785817869578,-1.0145539343162056,0.0896176143143547
0.27961663568300155,-1.0257815826760797,0.12225845031956392
0.06939329445036328,-0.8888951215551174,0.10270961980636015
0.2793545345673507,-1.0909222173305253,0.15809111597538042
0.17898645011794356,-0.9921250038848662,0.0821071164274608
0.24969020572859654,-1.0431416846049473,0.09868466853828922
0.2534576939740136,-1.036496203422476,0.11512690893380018
0.1920656211310757,-0.9905814298417782,0.09200318143841754
0.16105324343929162,-0.9558255157621487,0.08969248743875105
0.1969515744600193,-1.03363949320658,0.10266922430383625
0.28679087006848497,-1.0742472774092022,0.07739562926450785
0.21491109481116175,-1.0085081192572949,0.11269554978991508
0.2769124462383279,-1.0254528512505043,0.12218635648725641
0.2908884100384136,-1.07795715610979,0.07741473145831378
0.2877089654844903,-1.174428706456587,0.1729614237770331
0.11052068339759608,-0.9508110808520287,0.1435964435517528
0.2289796010353623,-1.0001736918546196,0.12148183271317047
0.24198759528203598,-1.014785982973938,0.13750124603530675
0.189340220987195,-1.0028553437441092,0.0815566017627059
0.31146621346552456,-1.13446541713777,0.08348028914403087
0.06256187295617953,-0.8840013497819006,0.18081442852191942
0.325783526282741,-1.1543697876105115,0.12043485971879864
0.25575104069139976,-1.0975876001305755,0.09703829151550436
0.13183762031688184,-0.9527964196598819,0.1330870637944191
0.2707792341839976,-1.0661156516006312,0.15063873173222303
0.052654993021544,-0.8671340347507038,0.12562862055179586
0.42690955940736885,-1.2312604396114277,0.11913942333709344
0.37468676055755484,-1.1463414810508046,0.14966899869296144
0.16134633045779112,-0.9669272629280039,0.09250223251012006
0.18676929922890165,-1.0352655507013435,0.22876309641518933
0.21957709619238114,-1.0276662881575138,0.08804374362538006
0.3321237056648135,-1.1546913341216316,0.09534170371298492
0.29898881381622044,-1.0981475106902108,0.10777693576722522
0.29948137925534546,-1.10128181509677,0.12017982965130085
0.32728757750597504,-1.1263613455637687,0.08743995932536072
0.18778166314147052,-0.9875459116497304,0.14381117285372558
0.5465904203333726,-1.3320441189397432,0.13427401072625314
0.2324286012888635,-1.1123706108953069,0.13356301914392257
0.13569159842764653,-0.9683469425965177,0.10158636047336594
0.05238877292013792,-0.8761127608922151,0.13813122905248576
0.2662318595593465,-1.073105674335713,0.102594480385508
0.04713184697959523,-0.8231407160500419,0.10265967143988275
0.16200749300800416,-0.9245747381324072,0.07860365983188101
0.18956483235121224,-0.9852605180887989,0.0736166323060785
0.10920720522901159,-0.9411975247129536,0.10900992862546717
0.03620020141524471,-0.8709602319959302,0.09011830624754587
-0.05249754908271226,-0.7304693177551148,0.10177581381082759
0.2293534969010214,-1.0445630402558987,0.1300741625131727
0.35865385635260255,-1.1526349794588835,0.08931506920497344
0.20433012444208257,-1.0459828744189295,0.11967452299427879
0.1835697764472747,-1.0205263228121053,0.14900760155973278
0.40238181601777495,-1.167225636425986,0.14001506328453986
0.3205281283805979,-1.1195078417547295,0.08638330417937636
0.1728975181918584,-1.004372933752964,0.0818983550279427
0.06629533062039855,-0.8510448340486478,0.08399688893376356
0.2054218656907477,-0.9279053574173894,0.1301510510873597
0.4208674066914786,-1.1794429159259578,0.11236033544578812
0.21989584016524172,-0.9981794556748766,0.07463908879343294
-0.008694777074892909,-0.7906454412913049,0.1162165506454755
-0.04917277016412808,-0.7140286500359518,0.1523423635698457
0.14543279148707444,-0.8944198983889675,0.09627552033645088
0.42918350259518584,-1.228141103596814,0.10448311524020736
0.4746575902511785,-1.2319161979350803,0.15068826599955615
0.2535243525011166,-1.0279727367811797,0.1847035287141892
0.6395325610476266,-1.3893598516720647,0.11942436232050493
0.25866258133036035,-1.0941760092952986,0.1474682722027064
0.178474859855888,-0.966302990072601,0.09519640257383902
0.1854197752554329,-1.0434815272409543,0.11667531812796685
0.27433696797240753,-1.083967463987221,0.10791886113033565
0.2799260930773438,-1.0960408143642397,0.1567094185603147
0.2784501706685004,-1.0917768485835149,0.09318249935436383
0.14566330075248365,-0.9266773988662356,0.12359606617993249
0.28985262082778335,-1.0932990282208241,0.13129204621565685
0.07253481049251453,-0.8428575731920538,0.10313612024209745
0.30118617672892184,-1.1097077962191113,0.10622580736708756
0.22472131130529968,-1.0183700861647396,0.1006784163733894
0.34341393361366085,-1.1067587033972361,0.14723336192141773
0.38955534212737875,-1.1986460926742428,0.11881426105443194
0.1733362276913106,-0.9535598361068004,0.11297329891140614
0.20870193116965488,-0.9870020656967449,0.09686920462901166
0.17788565088653907,-1.0341226184901144,0.10437689084811408
0.0942286823085641,-0.9265175279394956,0.1268284330353326
0.3484655480360959,-1.1659082732915187,0.11023535762270849
0.41938188762689943,-1.1711073102507608,0.09992177354095978
0.3205187251344036,-1.0914508067403246,0.08086224129923605
0.29990493836589277,-1.127001975460474,0.09904614336289591
0.252286915298082,-1.0473255598755051,0.12636543683153215
0.28913981643025816,-1.1052363450714338,0.10903158552094733
0.39761400408010844,-1.1873834023983258,0.11200230445281192
0.404309694954308,-1.155565596667219,0.14700905849160437
0.6227883515543406,-1.4496537010805766,0.15600865252151724
0.33265329045503306,-1.1381334991686194,0.11487904207119068
0.32825831348068485,-1.1513838116339692,0.09212796939440555
0.14527781724648095,-0.9578649477212942,0.10073315873846919
0.3466293483044378,-1.1646549629730811,0.1108693352286048
0.5146696977975428,-1.312738862034647,0.11275370754046836
0.03777285982274475,-0.8691492377742074,0.09825516400991822
-0.07103325811825813,-0.7560074462300154,0.1389443393482218
0.1792772051921541,-0.9334098114405195,0.09074128613815807
0.4350032273168851,-1.1927618429991638,0.10803195014518283
0.28363009767338515,-1.043066947110945,0.1121497049283803
0.1251928858926309,-0.9006548880092131,0.10075213883620476
-0.03499477358049621,-0.8057420418932093,0.1049154099096753
0.024065929076636024,-0.8364488190553823,0.13326351103400352
0.1415178379954669,-0.9148948702761126,0.11858762566543757
0.13760686604871042,-0.9197886127962003,0.10635260669129387
0.21490932067234544,-0.9871683910715645,0.12390159550895304
0.3674796401452952,-1.1275503154572313,0.10443061477251817
0.27853608373300887,-1.0733628749340707,0.09393675116394708
0.11674081744078091,-0.8955786057387429,0.10405387072914449
0.30542387936882975,-1.095159642903871,0.10141336888225498
0.14887473805797385,-0.95111084875211,0.08407611860733738
0.06526555720537658,-0.8644824422691932,0.09045387645392686
-0.3328404141870992,-0.5426590930083508,0.1712159893732201
-0.10563637684637003,-0.679147407743933,0.17253128115892918
-0.10525266713609858,-0.6840756484915769,0.13694248974866624
0.37938677507219337,-1.1745877707247827,0.0911804954848253
0.2943631235109888,-1.1640431525461277,0.18873797956938276
0.15363874096996633,-0.9763017570645832,0.11689179799906156
0.3201244217185138,-1.0981345504648772,0.10277987121403351
0.24611544541679467,-1.0381442017635998,0.1193354594852361
0.28838129428004494,-1.0748169180417675,0.0820246808194989
0.23823844877393008,-1.006793253015181,0.07609720396917659
0.13067871649788507,-0.9225545845285326,0.1618667240688643
0.41232614326932016,-1.1420257120663249,0.2273484159013646
0.15657035278079695,-0.9698232559590214,0.14493391437072256
0.20895422834370847,-1.004193685272355,0.11934934763571758
0.10185767372061766,-0.9170737107234576,0.09287435399945854
0.4280590923692081,-1.1552173107488277,0.13623660066863666
0.03819133878916624,-0.8095911605655872,0.13959515597066857
0.2554377839507443,-1.0533532164051183,0.14231643418071435
0.10002534440091848,-0.9519288765358279,0.10783946902314132
0.07409756823432084,-0.9231450431335239,0.09849418054259267
0.4258063157934625,-1.2350038013345424,0.10481049197095307
0.26997844392182097,-1.043885211854603,0.12246686416703262
-0.07489324189577362,-0.7186751627599525,0.15375026335700087
0.1747241996109849,-1.0504705114412316,0.13118518924907943
0.32232015319437496,-1.0904555725123406,0.07197581376213677
0.20745587615216604,-1.0198764062264105,0.14566673987169468
-0.17278466524063382,-0.6358918322509551,0.17630919888352675
0.22828144555244695,-1.0240653953749703,0.11646169381297786
0.23760545906075314,-1.0401062925301523,0.10977075823950769
0.43863965124317844,-1.253621487630804,0.17648295011805987
0.26713497002647885,-1.0602064168729384,0.14579363727013528
0.3100126313460156,-1.0940622219624434,0.0927857311839422
0.2506355364912238,-1.0891922234076832,0.094388055954608
0.13326443882280428,-0.9596442145529863,0.11913260972810802
0.015762601701825363,-0.821388376608804,0.10922158566251278
0.3210798265562315,-1.1177278008048421,0.10648233683804997
0.02273037504687793,-0.8579056174258171,0.11436668598612748
0.22604578365725003,-0.9918696536280701,0.13680701971266135
0.24459363074760576,-1.0456791518314812,0.06748934046422361
0.2167189392866002,-0.9894320547008424,0.09479011302530338
-0.0287051406921563,-0.8114549646107595,0.1561118745814641
0.13520054233258424,-0.912829059638035,0.1135716222662409
0.13071696596626906,-0.8780197729276585,0.11663389213453265
0.10341532233641415,-0.9048273994465165,0.08931969312922206
0.41602111204700687,-1.213931349656551,0.09128539328234181
0.27929699453289275,-1.09386495625028,0.09405645065048472
0.23257827063617884,-1.030648066693371,0.08183208945986818
0.16112055870537417,-1.0090341586429723,0.18682139031720174
0.34893273181252143,-1.1216863096672354,0.1260740897357643
0.32210367313357363,-1.0864574663381685,0.11854855989499083
-0.026003662946718308,-0.8071253158114634,0.130822956679883
0.16121147787055848,-0.9054257783111674,0.2451554485060259
-0.0963002116557267,-0.7666379854946896,0.1420828344866707
0.25531133420992436,-1.0063691672049275,0.1078907791232556
0.49935325139493986,-1.2582860922316996,0.1358760625675298
0.21540229757580365,-1.0180286823792033,0.09346834219244585
0.2723741255248251,-1.0364386922210393,0.11805809709917883
0.14918269367179338,-0.9071251885514419,0.09565073622524328
0.21332276750273588,-0.9827119083818521,0.07917369900295328
0.14473719157572928,-0.8501252456937458,0.1364729802033102
0.1321350116759933,-0.9717714576913385,0.08266236331838402
0.2872705920929488,-1.0962793144710006,0.0970507971190775
0.1947314398482023,-0.9550155468240891,0.10816674041696211
0.2652819064552199,-1.0963916724513962,0.11740255900581666
0.19792390928728446,-0.9896915242490764,0.07526113703421061
0.21728519450506273,-1.0046481483411174,0.1044977473388883
0.28831270339932275,-1.0730683089239386,0.1280267931791514
0.3465913760871058,-1.0874008297390436,0.1662403818872284
0.12318455252241688,-0.8963303533054148,0.15587218559619714
0.1310982542906862,-0.9298895288974666,0.11760406656937167
0.06086254491455316,-0.8383803484553192,0.12983397048914097
0.3416042415231588,-1.0790122712378816,0.08795205896079519
0.34893832022577254,-1.1639606377350233,0.12477420422912272
0.4087856115080684,-1.1916469313716482,0.12025543486044475
0.26855561707463643,-1.0557454635237413,0.11704310117286681
0.0569977293627235,-0.9121119913044556,0.1286773250094054
0.277306558750139,-1.0951188215232748,0.13672260070437722
0.0991355300408351,-0.8736362002841415,0.14388429282897983
-0.03924364805162708,-0.7496176984873145,0.22569838674881706
0.2313817126924061,-1.049682668385226,0.14000257821177914
0.26165304806975953,-1.0302963196362867,0.19964244073804407
0.3152134388952933,-1.107779300475456,0.1807666838617349
0.20339060196719555,-0.961581763110137,0.08287329211013333
0.24629207839401746,-1.045052822860948,0.0951703097203625
0.1599266500294766,-1.002037223070934,0.1457761664795433
0.22369642217168503,-1.0606096523306991,0.09047763853217397
0.17099624671546249,-1.0221457842335018,0.1660243177932204
0.2073250170976123,-0.9627955931342396,0.09347323343259442
-0.041585048850489824,-0.7740309771722869,0.13218465920159822
0.04086204305406729,-0.9033730013862665,0.12182717898081032
0.2747177320544045,-1.1005655782184658,0.0899880476763372
0.08259544104524691,-0.9006070770991335,0.12337343761707695
-0.22947883411318312,-0.5106246106924774,0.16744708036805298
0.05802874345289651,-0.8566664378735742,0.10853181622400229
0.36831885339454407,-1.1495044147820477,0.10285656495622648
0.23952443811740437,-1.0585838071436775,0.09915358114197687
-0.11641647016584869,-0.7553035599964932,0.1688421547585591
-0.058268573804907825,-0.7424844616875914,0.12878187653138515
0.19403921265395183,-0.9725779389402596,0.08782315141455646
0.11779561453503025,-0.9469329356740572,0.1400090830497882
0.23537826267793252,-1.0732096840212888,0.10332716203435763
0.2668352673535179,-1.079268866106374,0.08113230883244568
0.1670034636108239,-0.9653403240663732,0.07882682357043785
0.1386082796620657,-0.9459941311069672,0.1184085435252495
0.14780328692311379,-0.972437570454059,0.11243639877640707
-0.003889070622636513,-0.8484365968124932,0.13583278179919175
0.19686661372923484,-0.99262595138653,0.07687330320230937
0.19625137109885957,-0.9459702321887017,0.08225551191485617
0.28175456806195454,-1.0574910163903188,0.14333012443697396
0.2701385958589435,-1.0111623428438905,0.2019283380580173
0.22028653710017707,-1.0240073986948621,0.09745285521262148
0.18397792217505302,-0.9895374004199063,0.07510476436750096
0.3106517435572752,-1.1409204113912126,0.09120632209181362
0.17012407157143813,-0.9521609250584521,0.1423644206981704
0.19485967274403437,-1.0303134006371606,0.12590516916794095
0.4020275277534533,-1.1825421912007275,0.09600147788114569
0.08850749329045006,-0.8861588376439774,0.13200502645348877
0.16133003180115368,-0.977438191358214,0.10306132015122547
0.1895025236741158,-1.0269897233138392,0.13209967584128185
0.1447046264183793,-0.9097745648192014,0.08978038505752836
-0.09674387218252574,-0.6684819809194301,0.13637101549976682
0.3400795560430726,-1.112709568464062,0.11292788971314334
0.23139897661975037,-0.995833396045569,0.12413421098945096
0.2881766613355772,-1.0846166182287456,0.10745313293751207
0.2339994451385561,-0.9984104316172019,0.14010602317942833
0.33081055347522326,-1.090943174888122,0.1021146754898319
0.17702191323381922,-0.9384853861567157,0.0762837853588163
0.2164866254659301,-1.0376007971296808,0.11855033817370532
0.17008020306163832,-0.9633973447312068,0.12642229199635302
0.402321295009439,-1.1642726076518752,0.12610172674361916
0.15463708851621197,-0.9377374229690733,0.19837164214081512
0.4870881527788627,-1.234821548566665,0.20597842168253544
0.14001144681819191,-0.9468625921769535,0.11115732084473562
0.3236278495507807,-1.0221425140684341,0.16030141735610878
0.278641112078045,-1.0572850821896473,0.1326879985652386
0.05078237643334913,-0.8921084074709922,0.1325194044329971
0.3208604514236053,-1.1236232474942607,0.14798792475198605
0.3305270127902118,-1.1337097259734359,0.10284136375076361
0.2837206897245322,-1.1058873296867082,0.09135104801566576
0.15676419910497524,-0.9521300946125991,0.1496662833024508
0.21686396059709492,-0.9944779231351399,0.10505068885446472
0.2463551479157963,-1.0715532575018594,0.11488967771573064
0.2822112621596511,-1.0190172641352835,0.10586414392178163
0.1480281539272808,-0.886522883139682,0.10285278643394904
0.12595682851674397,-0.9329070789414038,0.12013351682405207
0.5153871944792323,-1.3503526635497063,0.13841889116498546
0.2548847225183064,-1.1037265675797432,0.15717693308280895
0.3638729555359831,-1.1266416936963397,0.13046738643104758
0.278771446490509,-1.098654186080817,0.1009571103407857
0.14104074775392475,-0.9266130620378318,0.10129554243642462
0.15826811702346122,-0.9723163003580261,0.09968098597834227
0.17654231941742565,-0.959747854622264,0.10367380348835892
0.10368905440778431,-0.8874843790868296,0.12471172412371027
0.3481970743099152,-1.1598997502109536,0.1732183939141204
0.03309606689587238,-0.8776227313508604,0.0928754383641921
0.280709232304453,-1.0558695212900695,0.11738462349023347
0.1884716475899878,-0.947164983456195,0.07197503950101146
0.11435632385886856,-0.90364375557862,0.11101549318123005
-0.05078346793456503,-0.7510931798979759,0.1372271082592772
0.0342865127208037,-0.8328519573514472,0.11443193827474889
0.24974558860086132,-1.055288814936842,0.07774735202980054
0.3027094260173624,-1.0657622616706046,0.11030121498120199
0.22291686041056172,-1.0606164330081362,0.07876431326762223
-0.03885952611264715,-0.8219102425230848,0.12084022834236051
0.12122587336695775,-0.94494384728154035,0.0961808366138921
0.08304399105000591,-0.8657110344615753,0.09149973309030132
0.2517562445971803,-1.0422620087429857,0.12681671362976882
0.16380015634523123,-0.955857150877948,0.0863020497466022
0.18839401457439664,-0.9940760485014815,0.11148560696688983
0.3128568565495436,-1.0961516319599032,0.1243201073825827
0.13815029739490875,-0.925108491502295,0.11081141104144099
0.12394227057065514,-0.9149994923292021,0.08763246589536701
0.10247800634928639,-0.9245843642723114,0.08826102160354013
0.24352380709319188,-1.0134129005524934,0.18932566489071787
0.16651486603955648,-0.9630925095971469,0.11459746646644578
0.3553836872371485,-1.1322165505123138,0.09405268878428627
0.1320616879397214,-0.987400668423586,0.1203562801800849
0.15846558881128942,-0.9578985911668081,0.1077674984298176
0.26248507458467535,-1.0912247144072516,0.0900584101280459
0.07973269151602197,-0.8171077681344918,0.21699634882379365
0.12019358191252785,-0.9192608319347189,0.1374281112803219
0.26182095727465193,-1.014548794828477,0.10016491789079002
0.17879500955716365,-0.9936096347893048,0.08530745523458916
0.190635004966875,-0.9353780661261815,0.13315296927433842
0.3236314161435583,-1.079370726970878,0.11576495611524401
0.409771009275223,-1.2217069167782755,0.0980583777979429
0.19825096154107025,-1.066977787916709,0.0871867023935122
0.17463851181929116,-0.9677196947556951,0.0817553805942775
-0.1130176843515766,-0.7536378156094287,0.1861854256613194
0.08159653544661143,-0.8475381266317344,0.12306869000094725
0.48568327554800295,-1.3272914528440416,0.22644117167032346
0.2518805839100203,-1.0562557968698014,0.1135583109126801
0.22749552493191963,-1.0382724012114193,0.10269828020259256
0.24456092600050292,-1.0101288007308808,0.11185340640071263
0.25519189182950824,-1.0415218460979276,0.1090869135011158
0.3082303720002474,-1.129873761571041,0.1079430549791407
0.16525222444598217,-0.9445118007034212,0.10749223066930486
0.33249789020045734,-1.1439968153178104,0.12595934989774296
0.3601994728965915,-1.1315768125088674,0.07666160101451831
0.40912488259808705,-1.2141342097897168,0.1389012374751362
0.3423383907622023,-1.0928406158073078,0.10467348839164728
0.18693068808246077,-0.9750437671825942,0.08666680064164028
0.08457816686881454,-0.9800994909683272,0.20080764568720424
0.10025954988375717,-0.8529576010905403,0.17099314245542924
0.2246202548955316,-0.9564064130324577,0.11212301046634057
0.19787381671990495,-1.0089206618997422,0.10542007246718335
0.1868480255365927,-1.0272718093289284,0.09372690993328837
0.24824347356656803,-1.044294981536313,0.11455424791834456
0.3546246898168957,-1.147501583299635,0.11550776836395299
0.2107508484242514,-1.036508163070956,0.08129838728329132
0.38217326603803403,-1.2092431142234548,0.10545048591766631
0.25567756245481205,-1.0668314193222874,0.10346597904430123
0.25395801121612344,-1.0539449107190486,0.08223476493723123
0.18359201739111228,-0.9424706459186449,0.09880387275650682
0.2281646411389937,-1.0049451185595655,0.096748768953331
0.2673375750601768,-1.0910434396226683,0.08832923301010114
0.34649273634371625,-1.1295487931156365,0.13459957425393898
0.18828415429752002,-0.927086100463411,0.10607193168619031
0.20562617152979348,-1.0100380243803684,0.07977479342285425
0.24868244837044742,-1.0587020752364742,0.08763878744566461
0.10864918042138723,-0.9796494308883923,0.13115477555989216
0.2743807200206237,-1.0237840045839908,0.09736855150646981
0.1986467173145176,-0.9908789129798776,0.11001672416217426
0.24720927058101638,-1.0477063838700265,0.10767444886544936
0.22941120467916032,-1.0158658079397924,0.10159568641106931
0.3072453270291732,-1.1096349760782056,0.09036799457343295
0.2157505103596841,-0.9900712284377021,0.09583656001312377
0.13091327247723683,-0.9491391735093762,0.13288875391236663
0.09119353174327317,-0.9023317685561604,0.09114745618790528
0.2609226068347806,-1.0560072759002392,0.12326367602402521
0.15880047429385927,-0.9868143344033389,0.09994948151277114
0.15123191936495461,-0.9395820596224645,0.08985255716111779
0.289185895073785,-1.086684365850909,0.0681743345797687
0.3146375623017919,-1.1153248733065428,0.17578184343635095
0.4577900532836644,-1.2394380793257898,0.10692714021979385
0.28561381555316373,-1.0992324199642696,0.1388443902677314
0.25195190025537095,-1.0747984076783899,0.14599577423647658
0.0020346905371268955,-0.7847708926578453,0.11431473827745346
0.2960830659215254,-1.0560330451771587,0.13125472644226072
0.2687160741985634,-1.0650685394460924,0.11224354783632436
0.29703706630721277,-1.06334028553832,0.09807120923822163
0.3033809584368218,-1.095023622380594,0.09674494685368966
0.2466300827004476,-1.0523441173006685,0.0785491065365182
0.12126258209779503,-0.94188169525658,0.1189667099460838
0.064627519685345,-0.8521455564053889,0.12225434002839428
-0.22144067149132562,-0.601496434539387,0.18294811956988388
0.305389577329058,-1.0915174320218426,0.077179638037091
0.12463827903040049,-0.8954513724583626,0.13100936966409454
0.06046620189704846,-0.8328148073497947,0.1044200972644444
0.17101759835571997,-0.9972435906350791,0.10821177757826181
0.3182547668252945,-1.1245306801351425,0.08945999690116874
0.09927976540667204,-0.8480388409752475,0.09960656488005873
0.2862515090332615,-1.0155619091020895,0.1144183451286257
0.2752396452573599,-1.060016877409574,0.10124827639400144
0.22880505614918895,-1.0141846953812403,0.1386895208603045
0.19290690521255985,-0.9604684171907337,0.1258060267499164
0.2858320627954485,-1.1045069462234385,0.10938978654855763
0.07034947369413111,-0.8352852929153066,0.09823583512973938
0.19658197437007624,-0.9744277729662015,0.09350889022055237
0.15754880595540866,-0.9225896168778138,0.11673456662752124
0.31434281842779765,-1.1217727635119645,0.11813634550348903
0.24747102556810943,-1.0710292247445499,0.09750776473915902
0.3691503861433071,-1.156610710346235,0.09872546478222771
0.30573736683891733,-1.1044479535177012,0.09837621133058612
0.1664918102349508,-1.023538289942586,0.1586845511057808
0.22426669653868878,-1.040907023482701,0.0954087266661346
0.37876287768032985,-1.1540594303953449,0.1148746650640805
0.2792463680300423,-1.0354838416672432,0.11599926270948202
0.2239435153789334,-1.0070785664921151,0.12045379878463078
0.42887223669983965,-1.2406285859466495,0.1004416834620687
0.47310489106178255,-1.2717120193848586,0.15416531591186783
0.3544578600612243,-1.157468584019143,0.1311827443450361
0.13422898121120702,-0.9848037475853533,0.15849353199928534
0.3280580183386148,-1.1096428877777544,0.13606727168796642
0.218834114754973,-1.043320233563397,0.10636640430771672
0.18802311401541966,-1.0200746559976026,0.11721793391801281
-0.055733145122425096,-0.7237720859439069,0.12563936671351666
-0.052689053562358173,-0.7662262092256814,0.16892138755992775
0.06319916550678084,-0.8385416999077504,0.1392559865242475
0.17640935466692645,-0.9575409816196487,0.09382998944707369
0.34214124522976064,-1.0997198819968057,0.11605927502844084
0.11646831659587378,-0.9434769014092116,0.12743764155511944
0.15822636688394598,-0.9632175041971643,0.14647352020565502
-0.11206471715356249,-0.6695326348773191,0.14062584056396402
0.22489148137338674,-1.037222465277526,0.11401814351787289
0.4093820719656647,-1.239158364878743,0.1279955639819999
0.031235927519094486,-0.8640948831195802,0.07501811200194174
0.0021471521258177237,-0.827892494214463,0.1707350283903467
0.25329877605675744,-1.0638998223801608,0.08331826263305857
0.38251394816600737,-1.1420290786573848,0.12323245935412169
0.295625607482588,-1.087147853460576,0.0876501421038354
0.470807354000209,-1.2441854648554407,0.13504426746422654
0.2640535122994437,-1.05428441038013,0.06591358042575046
0.23310437360243325,-1.0036522679751458,0.08897665669208758
0.22901453863953616,-1.0325483091177314,0.1483175795626338
0.2029510285249701,-1.024517465558191,0.09915525916472473
-0.10190872049648769,-0.7444653357249157,0.18125795871496758
0.3684045409447511,-1.1410612419974062,0.07938478932478538
0.225425067871507,-1.0130211158487394,0.10714710435074572
0.4366206188197253,-1.2830605473116394,0.15736681680637588
0.32982050602537694,-1.1549355142425608,0.10533564943870728
0.11979504441876498,-0.924040833383024,0.13519374981732657
0.45605490859722125,-1.2465543703312338,0.09030087689512446
0.3042609703933904,-1.0632227683046038,0.10651118830129888
0.3264381280336158,-1.1128465078862577,0.11572262570638389
0.36182920393219153,-1.1994155286825672,0.08354308669100824
0.12576518597383296,-0.9269752209169525,0.08771555046518399
-0.04667173972814625,-0.7214502690038839,0.1373766403887746
0.3364276750372636,-1.1272073803921026,0.12140847488959286
0.09605360546344151,-0.9063456306397878,0.13374215611755583
0.45939324028347195,-1.24665418996825,0.09743176684645852
0.5558062648964675,-1.2758794341405975,0.20609796205480174
0.0979270148972676,-0.8223923308027132,0.12022434069972601
0.2942867198362171,-1.1031926015310707,0.09320993508958969
0.2102938820196505,-0.9797783982412822,0.09940881060800066
0.3310323199683102,-1.0962727596320794,0.11322059680667479
0.19467382398074495,-0.9772611525800434,0.09635428398581475
0.2243022613342695,-1.0603690396204704,0.09766686478077714
0.5754849607113461,-1.34350795791968,0.12701988139510978
0.3914787868298679,-1.2101289357417628,0.11296286861017722
0.5005559518882382,-1.2549735529261512,0.12609308446974624
0.1635765929776034,-1.0006361876810872,0.07645769145273822
0.3297160451337297,-1.135156616614616,0.089040281908631
0.11633644632772072,-0.933852598548325,0.12666743887366508
0.34622149947403297,-1.1459466619057361,0.1117104846774079
0.36223859231638783,-1.1459662342377992,0.12838258774272174
0.15991049556953021,-0.9571976304656287,0.10089795656603767
0.2606418865205358,-1.0708836289151171,0.09216471864169135
0.24347758226111887,-0.9868354445863685,0.14828840290387818
0.22420585804674448,-1.0078581843285122,0.08571579194147148
0.27080003031996747,-1.0520789304712104,0.10154443654738862
0.40378438824688007,-1.1917298487783707,0.09196958270733586
0.16991022961229885,-0.9791665491469913,0.10173288285529379
0.3180027471047267,-1.2549610440895775,0.24094939044942673
0.31710933375094635,-1.1366195775838568,0.1340458117920793
0.40773793915546125,-1.2296888372323342,0.10461698229337466
0.33587951280370926,-1.143747966016213,0.11058963670653522
0.28723506676223226,-1.108534879465913,0.09341796319526217
0.2668920356665297,-1.0787764708727348,0.10652421161496106
0.12793674285306167,-0.9248255058018202,0.1333626824676254
0.056895528807532736,-0.9269216539210486,0.10375243516700325
0.1242541778874098,-0.919973293808716,0.08849689588796213
0.1718742797054749,-0.9584646674914807,0.10838489531299511
0.1823586879357581,-0.9946056869007485,0.08143332467422866
0.052013952874258244,-0.8911601417358674,0.09076116686820779
0.11586684267003276,-0.9037315775033206,0.1472034082461923
0.262030867308414,-1.0010021183254383,0.12277061683419363
0.14960835919201182,-0.8923461978976872,0.11572444032685085
0.0947137711269136,-0.8539648100252767,0.12572869766272302
0.28539651726952686,-1.1154468497483803,0.105638846201964
0.30375683868111003,-1.0477751942914229,0.09322220838783529
0.0690505509789617,-0.8630081463977111,0.10830596491839144
0.27544363922331183,-1.0250718705106483,0.10853952247521985
0.2428602850320644,-1.1027968523530443,0.13739147296628823
-0.003197569498356076,-0.8722404701733621,0.1455154879877858
0.15320902761901262,-0.9266511667482362,0.11692288247385925
0.09215768634598735,-0.886569836179142,0.10795490547740184
0.2265485683347124,-0.99474060521855,0.08929057297482518
0.321370373844562,-1.108261283609874,0.12951240177906648
0.25746402787985434,-1.0123446625109558,0.09494099146490649
0.0838283976007137,-0.9137007313503352,0.1153480382093026
0.1369121396946958,-0.9630941780201958,0.09584001723893065
0.2858308172010102,-1.0888543368014765,0.10231160148593714
0.14862670076564385,-0.9339110698377744,0.15145909175529854
0.2189733059223009,-1.002699632879389,0.09978428759115465
0.015702292929572956,-0.8149372180144503,0.1561433641157932
0.08593517665041918,-0.8703944315621676,0.12613394219102791
0.275664856528291,-1.085251330773979,0.12401487550032136
0.38570982945538335,-1.2327436512093315,0.0945429868455179
0.4541384766519275,-1.168795180383589,0.11335110916970885
0.17654989505085758,-0.9698459693980419,0.10467155872538575
0.23768259661239055,-1.0561438692059906,0.1329306106790517
0.34596268089112264,-1.1648939244980658,0.15630582615874078
0.1366607060285747,-0.9307255008404509,0.10758258293538384
0.16682261405295834,-0.9910446087461731,0.09489322798511104
0.013454206176920138,-0.7987622816956194,0.1292837660458034
0.24368814996475024,-0.9963659564699084,0.10976161366717004
0.28065303998800445,-1.0941629594424518,0.12133410067854886
-0.035701122136143765,-0.7513038444186099,0.16579225908421602
0.09465439175140326,-0.8859400068360329,0.10402878219076928
0.11043235061158277,-0.9182351376427291,0.09918839697078749
0.20530883376370934,-1.0558558321091476,0.08633185277745124
0.11476812369023662,-0.9275488624593557,0.12038381045249451
0.06569157531835171,-0.8603186991349967,0.10276503462263505
0.0968181727856022,-0.905864033043041,0.1073940590832965
0.30009356210284455,-1.0928472458013878,0.08099660760664842
0.2544694495688405,-1.0121006780450752,0.10241755733793426
0.37569073326270974,-1.1801163875343172,0.1126686142892194
0.35918703386260753,-1.2053074051830004,0.15853757255436934
0.2915924195173434,-1.0730258065991816,0.14012158650359086
0.2654026867768076,-1.050019676645197,0.1128041635286948
0.24463098999846158,-1.0636795943215032,0.09984484300602472
0.21738544470213528,-1.0494121699636383,0.1463289027956743
0.49926273310668506,-1.2867081230129553,0.13140728620560582
0.2199223860873441,-0.9900572823661498,0.09799092743987355
0.30342280331676946,-1.0198682856688908,0.13463558307862133
0.1941319534303983,-1.0234201674063537,0.13490688950562835
0.24742417040100403,-1.055453506566743,0.14374796883443697
0.3206887448062851,-1.0304986957436084,0.14064984252491747
0.3152760724637284,-1.1397670722267572,0.08364641513683004
0.3436361868096202,-1.1596734663047514,0.10266898872759567
0.21614849945076664,-1.0185337430489076,0.0702958119143783
0.2589116914507755,-1.0193306124362822,0.09855018616018907
0.23470769642934491,-1.0465250612467,0.1362843452631421
0.371578617706796,-1.152679880629532,0.0751669029627636
0.3852238285000539,-1.1856008166799281,0.09513808094897193
0.4451657790584935,-1.2818261456649451,0.09157207128529174
0.3916568117213958,-1.1608931401978977,0.18757735039851614
0.2427135683753105,-1.0489658421708534,0.11758270639183577
0.2701668358760598,-1.052909350133161,0.1174160911958037
0.20775442967146854,-0.9907995880720238,0.10666804978218977
0.02630266642369043,-0.812493995670385,0.10055339657928979
0.18537395408157126,-0.9596404258802049,0.08968937823126122
0.3241163034304554,-1.0525398369990289,0.22154478377285494
0.387745247964823,-1.1807897515551957,0.09800173515318947
0.2931494067529935,-1.0539510535921637,0.09151625583611071
0.21934643722123726,-1.0191006669282645,0.100697781309969
0.13508012302171035,-0.9601525540883641,0.10354136263344277
0.27140191991340124,-1.0587937269315446,0.12114474075728159
0.23057011699600444,-0.9814638452452755,0.11201379833946502
0.2352079165852325,-1.0571310476084559,0.11455818481777708
0.23460007308676653,-1.0358065534700105,0.11164265792969327
0.2511662340830615,-1.0288324020368238,0.08928710223948896
0.5271438175831223,-1.3300016432782091,0.14501636776828913
0.3341375108937656,-1.0977045765398947,0.11021791873431536
0.27990049294756036,-1.0897333327653729,0.09514820662641219
0.032203102409694935,-0.8209167239705722,0.1316844923805195
0.16292701935018924,-0.9875644895675216,0.10086491157334448
0.25220427672030316,-1.0722133597129966,0.07834908910204413
0.47380931967604395,-1.2094190646568324,0.21640158217059208
0.20580999631726699,-1.045722761497219,0.12416109930766321
0.1281612036180358,-0.9125141098450643,0.12688513523804656
0.3108692892650744,-1.1385445401363192,0.09690402657957714
0.20883575411556937,-0.964355575715659,0.11977694590040303
0.07130479214363132,-0.8853190269742354,0.11714182071886112
0.13101015886982484,-0.9055681243767346,0.16086643955467655
0.27083748029020144,-1.0637228235025162,0.09997277374470936
0.13785684057446368,-0.965438548064466,0.10691568823496245
0.2234990904506631,-1.0179008035898043,0.12343932681826725
0.06671932020533577,-0.8710506435655623,0.12263209765005464
0.07233352941546717,-0.8604202243301023,0.07185063034250487
0.10631102220668955,-0.9077806936941745,0.10694041291102917
0.22773010381668432,-1.0128082995740324,0.10269294114696609
0.1227573929244023,-0.976773796347759,0.10457855207795855
0.23723476464407567,-1.029716152133609,0.07168096668675562
0.1330898267303273,-0.9216912953878709,0.09921962432086666
0.38418222161800786,-1.2225595456544913,0.1237796345010307
0.16984825943465623,-1.086360719679168,0.16022190852680507
0.16582121318213536,-0.9890093386815447,0.13378661242915568
0.464758168607489,-1.3151825649981839,0.1889033255579073
0.23004597031833243,-1.0103555896806595,0.11580760125810706
0.36068732084971117,-1.1368949342071344,0.11402780460744748
0.4124439365698828,-1.1614240828782036,0.14011077834278363
0.1607146543664164,-0.9520843269148328,0.1513451248472268
0.23637092336429696,-0.9980052155221047,0.10526241977878728
0.08765054775434708,-0.8710862505733626,0.09545950377863917
0.11743907177040247,-0.8971994921419558,0.12027941459736041
0.060187295312033554,-0.8617282581794716,0.1335614499665077
0.1888999507932284,-0.9949532529584443,0.09607961422278252
0.30222481501846077,-1.1404222036457212,0.1343968599983566
0.08826053728528319,-0.9074418287090458,0.14062015410053752
0.022413264115176718,-0.8030695452485732,0.106738853587827
0.277674607742451,-1.081931687941481,0.11789716378217707
0.2622719078657866,-1.076043213313593,0.08674372084170613
0.304086499021167,-1.087416955427238,0.08023173102636233
0.3367826476988559,-1.1864772144240954,0.0866822476661928
0.2954584288118511,-1.0718777207391106,0.14650714814014143
-0.035862441923168994,-0.7607552538729471,0.09547290790290368
0.3798485002802581,-1.1637655104920352,0.1009350292229291
0.31161962884638483,-1.145959005276301,0.11148157715300182
0.43362780934438433,-1.2311938099560384,0.16187888413977258
0.29993865346804366,-1.0936517870752287,0.13151657268726286
0.3406940353540352,-1.1459733488948296,0.11816601471868134
0.264332715221597,-1.0239261905046846,0.12173273723188084
0.24517603195966992,-1.0887314687583296,0.09982757014195986
0.2116760554639218,-1.0221180322367618,0.10842082065610215
0.3309998301890681,-1.1154850854833351,0.09784974236202139
0.07008279819440137,-0.8894400042489088,0.0981730677747931
0.28814906295398984,-0.9749332208374187,0.13911770430624168
0.30852114049432805,-1.1195535798753036,0.13961945354264335
0.20115697737167035,-0.9843402921256272,0.12863302663805992
0.28774168260179306,-1.0633136611291287,0.10811964581230718
0.3823464163476472,-1.1955048387464273,0.12279130063495247
0.4287338176248696,-1.2270353242268273,0.09351890669411916
0.12709323432455097,-0.9649003413416704,0.11787151055104472
0.28734491081915436,-1.0616708052326127,0.07360723299997017
-0.018983263145265356,-0.9010494700722976,0.167076894199051
-0.035198598527631506,-0.7405626356393019,0.102972926381265
-0.0050024813871786394,-0.7694010213086774,0.10502970788513216
0.24280639585132033,-1.0273630785169754,0.10187667039237774
0.280492181047111,-1.1182600686133686,0.13614684636093494
0.26810919045550563,-1.0237106179538369,0.09612111791902772
0.29461893652444315,-1.1227589653893124,0.1437052715619777
0.31546413700897047,-1.1070488419010502,0.07788007464680208
0.14114207687097613,-0.9428748302125606,0.2058082405475159
0.17882702062223027,-1.006203364670063,0.1465426710736542
0.16719375696803426,-0.9862529171053618,0.09450068344202353
0.07710075486689011,-0.9214843989900927,0.14576751108948213
-0.08908126909859262,-0.7813125350010591,0.11008941953362464
-0.02557849504729523,-0.8189947047487228,0.10672300272354879
0.2826785593518358,-0.9920727393049464,0.09842588578420146
-0.027570180979441035,-0.7838469888896861,0.14926899347370426
-0.017097755724367163,-0.8200118108309238,0.10937144654735279
-0.03816597412919141,-0.7399869694166819,0.11804408080744797
0.1699705297722649,-0.9635034057533972,0.098225563682835
0.24298915747031033,-1.0259941430094108,0.11141415905519052
0.3296192965706303,-1.1348862969752902,0.10866921951070399
0.1775851468083919,-0.9844788632771444,0.13965659513596893
0.08457033916168104,-0.9121614717109124,0.09499934876383184
0.058274067637514144,-0.8900298421276887,0.09460065194036046
0.3296342425163956,-1.1423184450628627,0.07950407657903236
0.2822968262607751,-1.0324032455792904,0.10141481693197692
0.26535559300178435,-1.0547539608295249,0.08156708335352114
0.1915615496256275,-1.056222508511519,0.1256467527450944
0.3811225794837177,-1.0884050162236514,0.11334761364787309
0.23973013736829996,-1.0263918303353976,0.10482376717837893
0.23916585456061074,-1.0756150426450044,0.161786852337845
0.1058097903551281,-0.8845827450940149,0.08224993921191671
0.4659046008448579,-1.2445296385111304,0.16449267527713396
0.3193364013718713,-1.0799441127459426,0.10922667929404148
0.3291089955481879,-1.1182449150640827,0.1055231852180032
0.2390972098412377,-1.0446169848386766,0.10856223073939487
0.2650120891336438,-1.1154117730168596,0.09647496544439632
0.42471905919707587,-1.2470955173735496,0.15341849094866383
0.08934295434973905,-0.8129791900945571,0.16741744845318007
0.1565831610808795,-0.9522682505885932,0.11773616830136088
0.3059767586706643,-1.1039734019305971,0.10776929220429281
0.10856197669065404,-0.8179346711693666,0.1639137838970563
0.2508895707664158,-1.0625823739285805,0.12839890790823932
0.3136529741847274,-1.1656762939386562,0.11181468888172874
0.3211355171147726,-1.1013390271721495,0.10337077810501506
0.3745550910707084,-1.1551952133775651,0.13699051755245312
0.22657066591027403,-1.035305243506764,0.07923961515321411
0.2516709371591309,-1.0313519100846773,0.12463839046292682
0.20064578024176954,-1.0197612067277686,0.13302481902980737
-0.06071364393251099,-0.7229342760592136,0.19840985085188168
0.3060787639474889,-1.1349678070754794,0.0971339817537416
0.05226959820914145,-0.9021776638165557,0.11868353474471605
0.016319530062705867,-0.8120728852544449,0.10674716986391058
0.27039721958200713,-1.0370042408015439,0.11469840652539474
0.17126820001816132,-0.9570940973807736,0.09539684475938325
0.46079078304385207,-1.2786718978552685,0.18196067590453815
0.3465364618724409,-1.0905695708962087,0.11221277856797476
0.17638342314096736,-0.9332773093137754,0.13956858862599417
0.131848524008778,-0.9422074006424733,0.10540179595502255
0.2279463310111765,-0.9813088229238663,0.10426632584182519
0.18580352477078718,-0.9681014514164614,0.12392563936944022
0.26046773676762536,-0.9940428940997088,0.13532200607528125
0.36347265206051793,-1.1331081407378047,0.10808299524677586
0.1291735106659721,-0.928198490316303,0.12732838339387623
0.290061187530474,-1.106214181897438,0.11491513579208887
0.2830001653020799,-1.0658264220967835,0.11683380138219142
0.09277114087561122,-0.9274020972752661,0.0959290022018614
0.062005704325442376,-0.8367698082570505,0.1373069122664503
0.08651382297357717,-0.8955512798119873,0.1455383228758466
0.10897502791982874,-0.8984949524524096,0.08451818622657362
0.3387240093538576,-1.1329741862823837,0.14597925602534184
0.16111969131359588,-0.9096949307065557,0.0871725934780581
0.2950363769148095,-1.050565134505282,0.11517527222490506
0.3465591153134328,-1.1527180965543318,0.1036481407507549
0.42217727814619455,-1.2255941296021533,0.19909557025004554
0.494487702609871,-1.3119250838758256,0.11926523871629782
0.1539254484328459,-1.0141262313969126,0.12609683713684167
-0.06344281192179266,-0.6945896767378176,0.17296524038823116
0.16444789245275268,-0.9723826442788924,0.08582003645166474
0.24286828638961502,-1.058702189304832,0.13900988846672196
0.279907768195443,-1.1503742486751363,0.13236918624274377
0.4196694081200333,-1.290855287295499,0.15127804875023487
0.25114362304353527,-1.0026828483093833,0.10071406197151689
0.07556689302616086,-0.9063627019502365,0.10204216645534316
0.1447663519823216,-0.9507476442774442,0.0988782934923986
0.17337394716116925,-0.9313402057862805,0.12651100282689515
0.31357319846770165,-1.1738415753556157,0.15858577217054132
0.2751696721324724,-1.04040785483244,0.09914140401756949
0.1808769278252589,-0.9760668867983935,0.09459524057664319
0.25694337228906544,-1.034030836645919,0.11488604377232944
0.21018405177864688,-0.9977712565793828,0.10883019279604986
0.15250944702527744,-0.9806831526938419,0.09443591917650423
0.011043405003129295,-0.8204348991483251,0.09735302115742253
0.16468870677174605,-0.956852994167877,0.12333632706281211
0.1647312222748801,-0.9591244556850915,0.0914075634191296
0.17589280929516632,-0.9635498300934855,0.12311638193916463
0.19000848499183567,-1.0097641161365873,0.09262686606584969
0.32953446695657834,-1.1379922087943195,0.1330117925385887
0.41479653691677953,-1.2289475217049157,0.11678184665491632
0.3466990057121401,-1.1928806620230927,0.12406190635260053
0.26483532841173013,-1.0558276920394138,0.09772016435287248
0.3198241839640608,-1.0903184792117862,0.10973411190692856
0.14362281336500998,-0.9323403846834754,0.10247007621742094
0.10510362573472648,-0.9298462410725027,0.07979738041740915
0.30521317515523044,-1.1362377522845424,0.21321231846698516
0.2760740689702762,-1.0849140857456148,0.0998162736975863
0.18517103950490538,-0.9977606276224046,0.08474605552513219
0.2398604783119817,-1.048063776462348,0.09662898128665592
0.22142806987726227,-1.037818280992068,0.08442736790945388
0.15147747928603705,-0.983298310807749,0.11410947741374694
0.2591166553395744,-1.0566743588743055,0.11321589894460446
0.18193595917922512,-0.9765162047450042,0.11508817624714603
0.02531146580678725,-0.7804399937648577,0.1575354729743968
0.17268647297263712,-0.9708770146665535,0.11733043572978084
0.15537947350319234,-0.968237193955498,0.08883700253249235
0.09208406677064734,-0.8626249343009051,0.10563295353629283
0.19911477173014885,-0.9847001555673816,0.06724493449728325
0.24172401939370144,-1.0185106859313384,0.14837402084286128
0.24975043521345938,-1.041653357400916,0.11592109181764503
0.21067287062896456,-0.9925856608006829,0.08367221384061747
0.19815749880572855,-0.9657804907337553,0.11416612246217747
0.3157786768831176,-1.0960554644335123,0.08800705292979083
0.4167438673486229,-1.181769190544201,0.1270362100324877
0.09825642231909801,-1.0072316272530533,0.13636265060213446
0.36096997002382225,-1.119467760408326,0.18149835565240835
0.3938212497511166,-1.143568887867079,0.12236359295517296
0.3080738109508774,-1.1325731971199526,0.10003391874318712
0.05996729258922129,-0.8717567035567978,0.12218811348680039
0.156733789054482,-0.943773493340169,0.0837296346337236
0.38980088726697315,-1.1708139764278656,0.12330611334089578
0.2556611393592909,-0.9918791478556587,0.09425987897161786
0.21418958821502113,-0.9918873610772152,0.1453739594396037
0.3517810177883277,-1.150709512785778,0.07411435153577181
0.16113140023798797,-0.938700972045665,0.12565288739664984
0.19737678065022285,-1.0027127584508266,0.09886229892483299
0.154171378616883,-0.9539070666358812,0.0850496293118038
0.3271744945195635,-1.0733756449547893,0.13504650190217443
-0.0778525340549641,-0.6823281052778921,0.10513760100514782
0.12753648704869622,-0.8938609830418253,0.12001249869412196
0.30089812335481075,-1.1190757021297857,0.14192385183932904
0.33174604088011045,-1.21710504094102,0.11624036542745561
0.16874366485875894,-0.9864324953430943,0.11791300178142271
0.19603815270786082,-0.9668312369814173,0.1196608134986929
0.2765593385106478,-1.0600215673580569,0.0741170671321708
0.08470810517658384,-0.8881658742248117,0.11782587800642785
0.3320725330121651,-1.1526300515392323,0.09509824494297517
0.22307266531551706,-0.9999901542838536,0.08040843827035452
0.3477687130844919,-1.1290857454207597,0.09269007525407848
0.19196922688294055,-0.9518387504833635,0.10268728620743237
0.23243545086372622,-0.9826957399432844,0.09499569222435209
0.12709338696358732,-0.9141156817807804,0.0912422795072923
0.2944733916899109,-1.0871305923375876,0.14749440394430896
0.21435948340392805,-1.005590567136669,0.12427946349445017
0.08390472380906475,-0.8615560335965509,0.10767605998851554
0.22099173232260835,-1.003820407877424,0.09656028023952284
0.22737538154869907,-1.009850285520073,0.08636497687851732
0.1554235024805097,-0.9410668161991902,0.10565958777450332
0.04114958266913728,-0.8203562333300578,0.10415130303336577
0.30913199267735,-1.0727952889454182,0.07322878743255853
0.40760987263481,-1.2337570524844077,0.11541156429408173
0.29986952133266725,-1.0791042244384845,0.09916972868641202
0.35405888389859896,-1.1910034230008761,0.10558512916148599
0.20630852816072892,-0.9894168336190363,0.07924863598399576
0.2564256437502638,-1.064706303188278,0.10415606075519862
0.4686202811605863,-1.2483674783462533,0.1694804265159469
0.4012200240035448,-1.2080170281273779,0.087503518058428
0.13178289704499668,-0.9353492058389942,0.14970817158907926
0.24416037482813463,-0.9507914259471054,0.1490552749336051
0.28965253114360473,-1.1108830870838593,0.08771061968614345
-0.054967185610826946,-0.6187835883293227,0.2335924878121655
0.11427009855082687,-0.8863328888204167,0.09182355161399365
0.09783424993169611,-0.8960417978284274,0.09999432461794
0.21760391526589656,-1.0382787596020293,0.09079321771077405
0.15785171346798582,-0.9269940506610097,0.11496460883931972
0.3735069611712694,-1.169762416178595,0.11301308028356273
0.3625983317296454,-1.1520242251806414,0.09730275427156494
0.26319857283324766,-1.0759682198428526,0.15269978864982828
0.31457979457709523,-1.0771509718822005,0.1216236388489549
0.3493987743752367,-1.105814617492221,0.10537816030993472
0.3646019555110347,-1.1295312892211853,0.08495903810450173
0.37589021997188227,-1.1670096460162733,0.07394726875569396
0.11654893141400138,-0.9013997572613834,0.08083527333584893
