alpha,beta_logM,residual_sd
0.7078162425932696,-0.2772937565662819,0.3209714464318114
0.70769248551212,-0.28605893403383337,0.35192435897644575
0.6459159376843,-0.27242322890418774,0.3386292524858415
0.6629374886496409,-0.26832622594222627,0.370280587014254
0.7186962688363624,-0.2887738691273803,0.34538877420949843
0.5968316793467816,-0.2562967244154342,0.326703831680478
0.690491439115572,-0.27954773562166224,0.3287737010027157
0.6978153598280621,-0.2843694329056848,0.3717422860843276
0.661081233860366,-0.281270882659151,0.33353740302277074
0.6350904931459057,-0.26837917348679435,0.31629032929469747
0.6440904774675343,-0.2778614703790089,0.31383750845937863
0.61710209437373,-0.2564457894796494,0.3623051287085352
0.6381741414762496,-0.27452057912203803,0.3544038302395912
0.6745656312345624,-0.26803227567765425,0.32325875764283535
0.6536147065435994,-0.2785539239170421,0.35098392720740623
0.7761616634399732,-0.3091041156958854,0.31536106895563143
0.812443344572254,-0.3169729778113688,0.3347500552755459
0.7522902891512472,-0.29489353196106244,0.33580642546783296
0.7906802934423549,-0.31325634313789097,0.32625081793414995
0.7999828424615011,-0.3170826885341574,0.35252994378441016
0.7189154888403855,-0.2937357434813541,0.3453936704532184
0.7423048388506712,-0.29626564733766064,0.3271623597354734
0.7088622363986848,-0.2886272890219275,0.3411782417160887
0.7528849574017619,-0.2993782541945717,0.3468278572921335
0.7668398752064439,-0.3006640251636579,0.3372251576559172
0.6643495058802353,-0.28122158676504116,0.35479989917984117
0.6805763582274099,-0.2859255521940981,0.374158959943505
0.7118917283029284,-0.29749395621613967,0.3143148961085368
0.6824038246555286,-0.27406374475749806,0.33232836543252653
0.6684625995651998,-0.27933181311909966,0.3277452143518861
0.5951169305823197,-0.2613452911107007,0.3299550433953927
0.7023028591398348,-0.28572828044531695,0.3597645048634357
0.7271052470243884,-0.28741137447847004,0.3318202070572064
0.7669014273000071,-0.3060170511738734,0.3629617151695748
0.7460525084371159,-0.28664190377633525,0.3640843180885089
0.8026084545921031,-0.31923831804228886,0.34201886135416293
0.6734477439123526,-0.27327361269230627,0.3560253058055047
0.659976491906507,-0.27834776790119337,0.3200832275250528
0.6414181506682045,-0.2724846059986165,0.3210153196231955
0.6426776677952609,-0.2735505921926096,0.3508025678911714
0.6920561427294436,-0.28268666962454997,0.34304415313749326
0.6038613027865868,-0.25005796754383414,0.35921616669091533
0.6945931285865361,-0.28321176973182344,0.3253227376751689
0.6584624130700962,-0.2779729194003761,0.3592538953133546
0.6042632522047622,-0.2592891296132681,0.33647551521081115
0.5825625463148687,-0.2406748754619387,0.32770475479289135
0.6995628659041153,-0.2752016593774431,0.32242796466424906
0.7300623442146941,-0.3049351436450516,0.3475054674192349
0.6817989031325559,-0.28295244389737284,0.33271664905102627
0.6408768071061748,-0.26737732242606493,0.36123057204889547
0.6472098280295371,-0.2753183133215838,0.3319603247748608
0.6397725160594305,-0.2658799230215732,0.34661949165841066
0.7696318422790213,-0.30258376888886,0.33938247144691247
0.6444895409770884,-0.267136545401942,0.3469649837199087
0.5519671688394667,-0.2576203360842446,0.35458233932036426
0.6539992436978078,-0.2602859317857256,0.34210305995131585
0.6657003152631191,-0.28046148261883963,0.3450422675218285
0.6942163373974378,-0.2746823340099834,0.3180344231779474
0.6922665580818224,-0.26756285230236587,0.35624700302210516
0.6590756084879641,-0.26475143465935785,0.3352562640121699
0.5304602833312375,-0.24180105788708892,0.32237593086925065
0.6637146903567498,-0.2791134863046064,0.33643467388224607
0.6867502946086893,-0.28049492796528835,0.3516842454898136
0.8342771339775823,-0.30741918604048873,0.3359324135635277
0.8050409491980334,-0.30987108739857006,0.34912831694990265
0.661514746511365,-0.2682904111353273,0.32163441760514333
0.6879386127075139,-0.2827081284999853,0.34965568014125287
0.7062714058761539,-0.27837288291782725,0.3244624062500735
0.6692065991658511,-0.2773951323110012,0.34859494430380383
0.6483947128847347,-0.2654985150945342,0.3196451717055778
0.6493343320863403,-0.2690452963246023,0.31973146375555955
0.6947162625145652,-0.2781270313573213,0.3154953743962669
0.7801519277215957,-0.30639075802884547,0.3553724000409314
0.756354605169264,-0.30246300527534686,0.3581462786439453
0.727131229550453,-0.29161248885226093,0.31831922512948274
0.6726691550115893,-0.2793444488542287,0.3178640762225918
0.6250032511753496,-0.26467350497934217,0.3572887938554287
0.7440026953714293,-0.3028330483469401,0.3351169104049644
0.7641992096907239,-0.30136824370240684,0.3247662463454049
0.805506944061967,-0.3061671128865034,0.3542722734481424
0.657550815583382,-0.2742466987328159,0.3201383687162518
0.6462892489125749,-0.26740398443048713,0.3494402783529783
0.612962658973888,-0.27145704569676565,0.33669488101426637
0.5915008323587071,-0.26324499708579197,0.3283562373076854
0.6954821102683035,-0.2911559460086155,0.32277375710764505
0.6113117326780015,-0.26388144880327963,0.3442280708793063
0.6869038054633958,-0.2855533749098546,0.3512299344366252
0.7316679486855291,-0.30025357078501563,0.31748448302544613
0.7539839703183465,-0.29358289657031705,0.3688407853556022
0.6963694087853303,-0.2825654875808049,0.3504353884712203
0.7199532311324692,-0.28819004963817585,0.3290209874953611
0.635336377869797,-0.2563799936079883,0.35650004707236044
0.7022526989789727,-0.2874130496225737,0.3456129382077059
0.7356324686747577,-0.2915037561934715,0.34679820804534633
0.664030205800209,-0.27317290592125537,0.34236941288409556
0.5998931013663581,-0.26927561531517447,0.32426948437979214
0.780936508113979,-0.3117920790322163,0.3275925159552708
0.6670650626583686,-0.27748560690679525,0.33693509772730285
0.6416733911335152,-0.27557580420063343,0.3484965662164649
0.6891826427835066,-0.28314259436188977,0.3485089366763353
0.795631894258633,-0.3007866373197596,0.32970076179982694
0.7219123695586747,-0.3012460583082989,0.3108678440357862
0.7486651966051948,-0.30293693529681864,0.3341612629092264
0.6256240469458723,-0.26583143292618816,0.3307740530329465
0.6491038940689305,-0.26753676624971146,0.33233990551192716
0.6860846814355698,-0.2939176081846763,0.3382657403471039
0.7174694906723377,-0.29814760681257196,0.3482473215354089
0.6554130149506434,-0.27246595828946707,0.3354306689910845
0.7556393759382345,-0.2979038365480936,0.3204218479653913
0.630037397350207,-0.27192144885722425,0.3299305061243049
0.6994201809628336,-0.2802482004241575,0.3297027894145358
0.5906762960447817,-0.26582709852124436,0.34906248466573464
0.6508671146052071,-0.26400650819093235,0.3395365856970125
0.6400028486396386,-0.2687686666379848,0.3345219384487968
0.6746851317955459,-0.28368500147159376,0.33902741446355994
0.6879251075973059,-0.292962043014756,0.34886472708331234
0.5539913484668356,-0.24136318358825393,0.3322497126629254
0.6749634900494959,-0.2699948022706623,0.3558788027012836
0.6513540560416219,-0.26592645064636095,0.33737929244610465
0.7554634931472226,-0.29839679617341436,0.3605694663159177
0.6802657520772804,-0.27798856440702674,0.3231933979220627
0.640101321922269,-0.26981266125806963,0.32923671665665794
0.7276693944851774,-0.2948356452219326,0.3441629992035255
0.6594151820629013,-0.2840661785379875,0.33906533995152593
0.6718111591967654,-0.2756473106686438,0.3310711395711979
0.7245030563215514,-0.28566647490379937,0.35222757294245055
0.8162266357148416,-0.3114506454964917,0.33031266945833565
0.7140052175422992,-0.292693129231464,0.3183287167733457
0.5721243232724909,-0.2513080611720195,0.3384054547501762
0.71639531491094,-0.2923388364543195,0.36143723942998535
0.7548818370109842,-0.30310421640929225,0.320527301630388
0.7327170178619679,-0.29555340920148865,0.32501609996746894
0.725180801217735,-0.29391596759838917,0.33590778594255905
0.6706991692554273,-0.2817125552174248,0.31209627185515526
0.6510556481124018,-0.26657067523722205,0.32241470938055267
0.6584062108767385,-0.27951584603228047,0.3475097894221288
0.6423532424624177,-0.27170193114997127,0.3347004925032713
0.6598919430167351,-0.2724440639535491,0.3311160900945074
0.6524224371524183,-0.2696241970171723,0.33834575212763907
0.7424889520539854,-0.30351845839869135,0.3312692079172706
0.6979228143951036,-0.2755114349697988,0.32659631701326813
0.5764184987219904,-0.24974341450381438,0.3123485942339524
0.6100418993244858,-0.25036490159355973,0.3455872472807683
0.6965023233517331,-0.2841360353652342,0.3738589050835838
0.7073151077476935,-0.28060337440593314,0.3412749640507294
0.6424214834404421,-0.26716227894336153,0.3052404867901028
0.7190160723557241,-0.28809535003753806,0.3314949706936638
0.6085334541849589,-0.26142324734189487,0.33282988122851476
0.7649418010795765,-0.2965764302618557,0.3526126802753466
0.7629732894833677,-0.2942079265738573,0.3360854708676448
0.7466267428201051,-0.30709773406226193,0.3351077415582576
0.8645131501345173,-0.3261861542175283,0.35967667126571073
0.7223071096240784,-0.2914733643724801,0.3621166907879597
0.6714305402540343,-0.2758357411329006,0.35297265186604687
0.6992087755146649,-0.2852071931576765,0.3423899535558895
0.6144955643885152,-0.25319196177365716,0.3100742940970774
0.7837392805889001,-0.30155800797893884,0.3369409699198982
0.6282143277537364,-0.2735645830843748,0.3387516163208252
0.6357759303179192,-0.2669030539011097,0.32250057576765423
0.7508347827879751,-0.29321864944632564,0.3447025106322122
0.6658420727934142,-0.265760913365194,0.3371966177859385
0.6950610427278966,-0.2809889642941567,0.31896732358503965
0.7417034239657806,-0.2896604517945718,0.3308054962224216
0.6619625455721346,-0.27108134940212286,0.3249797011101434
0.7382226104517678,-0.2962307366224538,0.34829803248208535
0.7121791787938352,-0.28172882101271013,0.35384286208202537
0.7023112733967382,-0.2877036313146218,0.36169760128447265
0.6446788462258913,-0.2792856178531755,0.3455295161570121
0.6709086397132762,-0.2739095087571701,0.3314457648515242
0.6216801461989873,-0.26733983734813505,0.33336321026545096
0.693683412996742,-0.273537478452673,0.32795933787280473
0.7483980152671164,-0.29547010487647035,0.3358648555101118
0.74291504361503935,-0.293499740726068,0.3344853889164096
0.7906526976132605,-0.2984325668334547,0.3304980119757604
0.7610703589830143,-0.30393016000456474,0.3403675149260779
0.6196578079427655,-0.2641033103609944,0.33330948457695403
0.7165007375327146,-0.29396613356712875,0.34837001586574595
0.6341160328749413,-0.2628590108923932,0.33772924747597366
0.6599378693721151,-0.2791118486387634,0.32057640073986055
0.7787630329762446,-0.30283845838802603,0.3239076064395559
0.735812176218662,-0.28683373078407765,0.33506163285942897
0.6621463888667657,-0.2742220825642564,0.3448160991287417
0.6422467480768534,-0.27710061686836285,0.3644339012043602
0.7310411337666032,-0.2897766142538302,0.3517579909240938
0.6492200992789199,-0.2777201613414536,0.33032562887400724
0.6601408361611089,-0.27526968879253066,0.3435604552238702
0.6603858344851828,-0.2691061959716458,0.3486594269759567
0.643054507958224,-0.26603006045088534,0.32517723170536655
0.7621745417300532,-0.30026339105917776,0.3378190019642824
0.6823699452481111,-0.2863187495805308,0.307799784182117
0.6696970967291473,-0.2712360083075402,0.3653518153822084
0.6785021245582806,-0.2766050041544929,0.3619710622670044
0.7036264659577981,-0.28273289588933764,0.3709695205374237
0.6989645964370668,-0.2750993917365104,0.31789790697797743
0.7260225506239834,-0.29024976840908856,0.35501836653062185
0.7990075192169616,-0.3108030468084659,0.3131858779584502
0.6930874764254344,-0.28380743439298445,0.3227593043524183
0.6314958385083388,-0.2689044803359643,0.3485004685575418
0.6371094918824574,-0.2784966230978572,0.33766554652527137
0.7199890531918618,-0.29926806753558133,0.3531118335535991
0.6699700193129549,-0.2734741444679803,0.3513248912826285
0.7074431689661096,-0.285179667966821,0.3464649810970581
0.7512143368358726,-0.2953366055513131,0.3457915557527868
0.663574841160313,-0.27205250271690806,0.364052971298982
0.6081975398294996,-0.25636481319321197,0.33729744678998297
0.603816184599051,-0.2754999645904633,0.34856022459979036
0.6453121921227757,-0.2642578056658492,0.36617038160764503
0.665658059470484,-0.26672446713973624,0.32504093028017406
0.6778602249702201,-0.2788898334725253,0.3470596159127639
0.7612695275890018,-0.3015890624715001,0.3121874624702402
0.7420117679451914,-0.29480389800054285,0.32154424483406274
0.7051841888537614,-0.2846844871702177,0.3390419007223407
0.6571001715644936,-0.27322540028333964,0.3643340171854246
0.808663254977536,-0.3213477037023132,0.3435602521541418
0.6291533203424581,-0.27038642347794734,0.3135616396412256
0.6682370214512169,-0.27931394135178167,0.341846554446515
0.7075912034085644,-0.2728090601521435,0.348350615760325
0.6250621422554472,-0.26930130496174554,0.336451825278936
0.6727730023357981,-0.2689283269057947,0.3294665826047839
0.7209312644867233,-0.2788370319956697,0.3326252512138556
0.7300730695543943,-0.29095389877913963,0.3478472419478771
0.6241189901122985,-0.26386775864966155,0.3500946189513632
0.6849393902904308,-0.28238203020839603,0.33054965041960066
0.760677686589763,-0.29939407348494557,0.350374129784131
0.7204686629927093,-0.27919310870308617,0.35026133685432376
0.5667231638349642,-0.25072380184434495,0.344297478570775
0.6525343793338023,-0.27419347820409107,0.32994453751251307
0.7037050582852787,-0.27524285037333907,0.3416859704868544
0.7180631431527253,-0.2901239657965456,0.3171855090284623
0.7334527640630067,-0.3005098298585089,0.3481072180903652
0.6843183147866083,-0.2829260040665178,0.31968057697746666
0.6911343368049114,-0.28143396381735136,0.339964634383605
0.708748292016523,-0.28678300713437743,0.31720378448868425
0.6969124194140153,-0.28157567564225666,0.3369028915563647
0.7277031325570901,-0.2839452922276374,0.35192399333451724
0.6461518360380741,-0.2773885305257089,0.33150715777767104
0.714367205362252,-0.2947950038352215,0.34659069511488816
0.6837525635296632,-0.27651571932324226,0.32903824997945225
0.6257478714141531,-0.27138611742757,0.34030854044251846
0.6640576156644414,-0.2827109573495493,0.31452022492908566
0.6896565755250281,-0.2736828512432132,0.3148667742644321
0.6440601240494387,-0.2670654786480325,0.3360047127408722
0.7458722464259491,-0.29738358260142117,0.3345138433064591
0.8136060480656032,-0.30526398096866264,0.33321771783522425
0.688569553981068,-0.2702893449504637,0.3397309741161605
0.6355633161782207,-0.2597046293130678,0.3514406757910045
0.6659987829161431,-0.2732034936127145,0.35536730852370185
0.6559811977840273,-0.278849171905741,0.3101482941656234
0.6661367710426203,-0.27318915781091696,0.3256656014664797
0.665482703392711,-0.2740103966110277,0.3422481053497782
0.6160849018945693,-0.26297113720607973,0.3064401554803434
0.6441761551652045,-0.2674472075811862,0.3173098066721636
0.7031276698451298,-0.2757340067294077,0.34442971054650007
0.7661558329496997,-0.3009845244585797,0.3278695927788233
0.779307802319324,-0.3005057008520206,0.3624764793704307
0.7046816508314386,-0.2961859027196724,0.3362330253637858
0.6433300540131204,-0.2713879814623993,0.3246152950206115
0.6643741845371254,-0.2724811880315983,0.31151857523693244
0.6177132625750522,-0.27343098773013474,0.34480443199876404
0.8076947559691997,-0.30068522180388646,0.3327190587203605
0.6771237487996805,-0.2762933675612714,0.3395831719146934
0.7103700469148226,-0.2918270871716792,0.3505983490757065
0.6331218024474318,-0.26918127215611315,0.32981510244062234
0.6035277477600173,-0.25273644838904114,0.34683795895779324
0.5887716710174024,-0.2542705111210954,0.3740646324857356
0.6312698499853244,-0.2532524442748334,0.33245858447159526
0.843846225311063,-0.3248497249998196,0.3167913596790305
0.77188584226977075,-0.31324867346977137,0.35152032440641234
0.7098549799928839,-0.27299542208881583,0.35913609252083084
0.6720902006253269,-0.271510097952921,0.33231595097812666
0.6251075412638264,-0.26118062290101257,0.32229034447754845
0.6913318412894534,-0.2758558836666297,0.3585598898338284
0.6826168665157806,-0.2791444733240798,0.3488184715742446
0.7980094580847074,-0.3074435476546539,0.3465516278876244
0.6077486042075574,-0.26891477195127295,0.35138946864581455
0.6520391283088002,-0.27480707625243456,0.32389071807402836
0.7598712200287357,-0.29948393051850325,0.3615156447277214
0.705037772454193,-0.2863732980586772,0.3643302721620481
0.6580034946275576,-0.277995811737804,0.33791820510077275
0.7232750317229751,-0.28562223661634256,0.3348266724928213
0.6789910573813521,-0.2730276320767206,0.3583157151696262
0.6662309193164053,-0.274309837763031,0.33013977234090414
0.67974155056668,-0.27759306129968725,0.3375414399487809
0.781508567821893,-0.3033964888688459,0.3433954846504282
0.7379985595485699,-0.2996538339021205,0.3131448227544359
0.6432796140374748,-0.2704816063125667,0.3263323298681995
0.6342207138752122,-0.27383777190958103,0.31969029099201446
0.6413776667182601,-0.2698228421673139,0.3249363589363614
0.62518813047887,-0.2709986025676867,0.34262662047999665
0.6987497727684575,-0.285116760417529,0.34377651653256436
0.6819764868323698,-0.2785189847801595,0.33322126096928184
0.7508754740317902,-0.2949401714953784,0.3248229819512949
0.6914543170599259,-0.28439119146452796,0.32600354667888165
0.7559865826757141,-0.30190008894378456,0.33497438002585517
0.7243942824528632,-0.29755917931320913,0.33375573859680807
0.7340472223804005,-0.30531602467309865,0.33820410023242786
0.6900600874978622,-0.29144325162578605,0.34224420391807464
0.6350731569037058,-0.26063697414285486,0.3287194154288352
0.7180484566442755,-0.289434067020439,0.35043216436691166
0.7386098887305474,-0.2967183185722954,0.3310546668791507
0.8115811226385068,-0.31118791266051876,0.350567360349761
0.789836071996247,-0.31017655628888424,0.33384087448292454
0.6754149877479858,-0.28154677226099895,0.3415525865647668
0.7416724628359969,-0.2910136011161246,0.347533456864608
0.6746286908548266,-0.2739986380989084,0.34953356644066047
0.8039163868545658,-0.3171731725607597,0.3550066563688711
0.6342788724843624,-0.2577384175469296,0.353844343326371
0.6070495297421468,-0.25848673560510993,0.3531230855239128
0.6629557776251929,-0.2745415605252449,0.3436218951911897
0.7569598563371807,-0.2793489667803849,0.36945489709638385
0.7457362360728466,-0.3017046704122127,0.33006828726405
0.7673142060192912,-0.303235759719834,0.34829309126715297
0.7356403888148711,-0.2975795604358092,0.3707784737681062
0.7455669681774703,-0.28962265675648546,0.3708464103353597
0.5996431902895285,-0.25614752344236247,0.3609575697263752
0.6446597562634889,-0.27656086615468184,0.36437542214955976
0.6436069266112905,-0.27249866166843983,0.31584094335864454
0.6616387823185624,-0.27388454700432974,0.319572387168584
0.8519343499319596,-0.32762022969818144,0.3452932641853404
0.6759726296202996,-0.2758587519118575,0.33965373030317825
0.6043388968613199,-0.2651706993104618,0.3178062074023262
0.6196298860463287,-0.26458619165730346,0.34896297865348946
0.7544251007754975,-0.30371159629945244,0.3492803494240254
0.6973043323860549,-0.27891188877149226,0.3480397965883519
0.776241085267647,-0.29944530942555936,0.3204696341008444
0.7289690329544629,-0.28609025770492486,0.3217822470967837
0.7323442552230678,-0.2861451190592167,0.33950236029608355
0.6996581564296105,-0.27960049404044324,0.3598426150340075
0.6756179208216763,-0.2791335635254251,0.340805659070946
0.5921021954852166,-0.24953994778506547,0.3504567003709721
0.6278447948449898,-0.26489056388000287,0.3342613282417729
0.5848996628736971,-0.2558546723379857,0.32619376080469215
0.6437393250083315,-0.27906682369633823,0.310930498097667
0.7062995480346179,-0.2736675698400065,0.33850296419381737
0.7611826138617891,-0.30129405081152394,0.3442163678277911
0.7675011832677284,-0.3071790216479349,0.35433001026437827
0.7834768566975312,-0.29574770259304106,0.33771881123506925
0.7010204747990655,-0.2740426369318162,0.3326808293076308
0.6994953283321383,-0.27913669475216674,0.32200332454882613
0.6520490366869424,-0.2814064082419331,0.33110071816739045
0.610793877598318,-0.26054833861536775,0.31060594565603294
0.6152110962008729,-0.2582258852321971,0.34205454957103737
0.7470936816388194,-0.299866489310463,0.34269418046857547
0.8435639048782083,-0.3229616544424636,0.334303684568176
0.6296547810959308,-0.27585707741633486,0.33577940975729037
0.6015558908203618,-0.26570670693293175,0.3275110910299123
0.7139032502131457,-0.29934329653073766,0.3473358533007688
0.7200594418450623,-0.2843907851172161,0.36450838283754877
0.6028504210510114,-0.2706584952023611,0.3582827951475403
0.6165994260825653,-0.2517468174506417,0.3620324453407385
0.6768203075334156,-0.2783499518938368,0.3337814337976328
0.6707183705083689,-0.27575296418908934,0.3316428867870703
0.7710245524146204,-0.30519978780177376,0.3432802847510685
0.7057400287252301,-0.27807683099305314,0.34090688259767843
0.7767712999019499,-0.30737912244722115,0.3423856020181733
0.7214432206153749,-0.2885326243922626,0.3415673455739972
0.5886906132435394,-0.25422841166951193,0.33153769106764247
0.6841032902065929,-0.27664490204401104,0.3471849522105314
0.710480675831694,-0.29042489807882477,0.34432632741968666
0.6158057102220976,-0.2573322261367518,0.33433412536252427
0.6202312837639087,-0.26401205833771463,0.3119448455760891
0.6596123316213108,-0.2657639731130115,0.3492144511583358
0.6202155464995531,-0.26934519961015835,0.3334599748930578
0.779947937621849,-0.3092195551985326,0.33513362766384514
0.6680121610417536,-0.28011367277535576,0.3434232751698848
0.6657919329638876,-0.26997843281330175,0.3335228469617924
0.7285979940772058,-0.3014074978580833,0.34251044538902087
0.6271303994249622,-0.24989108066294427,0.35831496980813315
0.6025292684842737,-0.26230786775907905,0.33733028614201915
0.5976673892361266,-0.26851082933655684,0.33768897309745866
0.7704278822391938,-0.30653641223042494,0.30339750137425103
0.6276517064090412,-0.27761466901715137,0.333028725294721
0.6283032979921225,-0.27519058293088683,0.3446198958032348
0.6593248755434246,-0.27322745127817316,0.333394527205163
0.7280945597995372,-0.2858172100086995,0.32892578570365394
0.8023821757763681,-0.3047605603277027,0.34968080316698497
0.7172794677860462,-0.28928411272646004,0.324668456877232
0.6188423047040249,-0.2620806154156566,0.3673154999493866
0.7777595901221576,-0.30032545546377415,0.34904059486595995
0.7160690971269741,-0.2825912246566293,0.35552353276958526
0.7753179058441522,-0.29948459931362825,0.35050746831077484
0.6803376207180121,-0.2867030236059189,0.3312876907048476
0.7836519096756511,-0.3062006483914667,0.32743762456789816
0.6860465840784099,-0.27268429816923223,0.34121176313027024
0.6258647204066506,-0.2622876728105488,0.3538635995914101
0.7678136713777166,-0.3074703467628819,0.3300765713217853
0.5612562668981738,-0.24909062430229487,0.34167100401673217
0.6384992429900725,-0.26829935769458124,0.33527898443067544
0.6864097663333523,-0.2800130303906437,0.31657571090405145
0.7467400737469242,-0.2939847207123714,0.3375053920329761
0.7031269554981282,-0.28140502815634716,0.30255883913963877
0.60210611691318106,-0.2672619852298739,0.3298244775262871
0.6568163974613954,-0.2784329332148563,0.3437389126374839
0.7210241642626246,-0.29392945646566376,0.3371393858769215
0.8194738422587271,-0.31386079499734987,0.3443301472965927
0.7366983447167316,-0.3033977893572593,0.36789324698426223
0.6928102376787503,-0.2838243417254606,0.3439484090582663
0.6891622089485119,-0.2800212452764158,0.34648714220539645
0.6382957213390589,-0.26981599096454717,0.3499355026583146
0.8055257361904065,-0.3160936619947446,0.35440004632879096
0.7009221559270344,-0.28329550230310574,0.3281063283653692
0.5946222808563474,-0.25152153487396406,0.35792375991250636
0.6838273624740874,-0.2793632177212586,0.3154319679304251
0.5745093473421169,-0.25478110056610664,0.34685370402056803
0.6584685167976956,-0.2711950422528957,0.3301322599701399
0.5938724672694071,-0.25868476167085563,0.3404834505498839
0.6381915726647001,-0.27234960434525674,0.3375085861816759
0.6895757337695232,-0.27746037659679545,0.324483335368924
0.73603876315059,-0.2971600227615726,0.32540914682050165
0.6909737150669496,-0.27674911564987326,0.33971207118714447
0.5774383394953447,-0.24735934092854123,0.33005039051124685
0.5578616139696504,-0.24866512805019153,0.3542149640442785
0.706492679754151,-0.27853297271542304,0.34274938139449784
0.5926789443387074,-0.25471284501934593,0.34094894941309734
0.702664932633994,-0.28769718706167885,0.3419540470585355
0.7454472918357461,-0.2920235671302809,0.3383309276830069
0.5435583628809849,-0.2374548116309687,0.3542932519638399
0.7693085699522783,-0.310774719652825,0.32798620506649856
0.660743572320349,-0.27924901832835186,0.3294803645819885
0.5280398403310793,-0.2328664075623553,0.35721423306574385
0.67336029426908,-0.26966987707487533,0.3124246443880267
0.67445304182207,-0.27475219013110785,0.3250501450923115
0.6844554284503779,-0.28000868126668466,0.33051152408979234
0.7281959499788875,-0.28647172750496974,0.3286900694734639
0.6475223474943644,-0.27257141107130606,0.34040491893685654
0.7000115186313413,-0.2826699787045831,0.34786749692440466
0.7067313931004303,-0.2895893280414031,0.32209073240786545
0.5729126477699256,-0.25330362521349814,0.35824829250780477
0.6637472321244906,-0.2655157494227511,0.32365660285997255
0.6863336713673953,-0.2781613990363084,0.3764823165038295
0.7273191874480446,-0.28715298518556437,0.36570580062557023
0.6612019608536153,-0.2738070135792376,0.3375896435962251
0.6707966991328306,-0.27409982986319714,0.32049623144910705
0.6455566058879272,-0.2714708871976218,0.36215417636110786
0.6215411187716648,-0.2595570230807002,0.34710467248416993
0.694178271667283,-0.27706085351781407,0.3149882183074297
0.7431143987411096,-0.2903150794580446,0.34548165761584543
0.5895997048981887,-0.2496304408242822,0.31960045077840776
0.6888462611712924,-0.27350524852741276,0.34748304792241325
0.6856547769991053,-0.281859571607751,0.3222480858973502
0.7682122012838134,-0.2956751642046697,0.31642281804491174
0.684799610777804,-0.2887335294579406,0.3314647531132833
0.8172932375790474,-0.31301842710776173,0.31078038661133456
0.6759345743536846,-0.2730440248572503,0.35990071914867416
0.6682201058707391,-0.2686185467511782,0.34260140909620845
0.808251135506896,-0.3079321679713216,0.33658134594823313
0.7293877971212551,-0.29091658915828655,0.3444525096101559
0.6658192800889033,-0.26901801569814515,0.3306258852187276
0.7815475538088443,-0.30685814373868603,0.31630865532444097
0.7563572328067805,-0.3006322930199503,0.3506254476811344
0.7233548730644321,-0.28436023216782674,0.3462567592880915
0.6766642518618146,-0.2704806742765663,0.3297402064364708
0.5973297908461939,-0.2534712265797539,0.3306694413081546
0.7176002672052374,-0.29122674134839543,0.339590451739792
0.6477380149111165,-0.27776887415154483,0.34672711957098096
0.8345928564364362,-0.32296026326016863,0.3433778879590996
0.6964249338435824,-0.28812688338734943,0.34521236938111044
0.5526622810222827,-0.23724091639704586,0.36478760240471364
0.7056456665052104,-0.2877143440279768,0.32631122641508203
0.6849159338758108,-0.28042821109712374,0.3368927788269035
0.60794320349925,-0.2604991108714226,0.34311741066768586
0.664960113373845,-0.2746211788853966,0.33232066349677525
0.6671425937693686,-0.2733365939222633,0.3131810020563682
0.6276509414609334,-0.27007235445810335,0.3295591139151265
0.616490605479111,-0.25640831541665343,0.31527056685152266
0.7576537271491636,-0.30440739203985695,0.3497708682407818
0.7140711171087663,-0.2945043014427875,0.3477978082001312
0.768031172598327,-0.30363749488834235,0.3283484856194682
0.6732973920929511,-0.2746768994520885,0.3441578591757756
0.6066779718376597,-0.2590079337663329,0.34492113881919456
0.6011272070176813,-0.2648132604627841,0.34119514063690326
0.6260898343996826,-0.2635094586548927,0.3375347037382934
0.6448715550343687,-0.2779938329066593,0.35721667256957146
0.5860997097528002,-0.2554441046900525,0.34442966002341796
0.7003722124497008,-0.28585530933464476,0.32769702641634213
0.6498828040306981,-0.26630145145154827,0.326052909912135
0.5972673495271928,-0.26936069874362856,0.3744404958993147
0.6229670233984405,-0.2596721390383482,0.344943241100477
0.6217870013736244,-0.26018374428709445,0.3320206292412517
0.657962337703419,-0.2711306951589977,0.31328604194371973
0.8024811330876102,-0.3111255647807743,0.3649657458675849
0.7123635300215903,-0.283639462398273,0.33934324708256913
0.7621529783352609,-0.29725884688438076,0.3352151942246395
0.6569796523462362,-0.2618675614137564,0.30849618998998757
0.6426346790064887,-0.269946530745893,0.3244340517995241
0.673776261297545,-0.27022388376743817,0.32474517616578025
0.6498748914349167,-0.2765908371307897,0.340062177253855
0.7840775972446291,-0.3023951953185277,0.34037805431482115
0.7563027326499818,-0.29281943332199983,0.32793734159698956
0.6910826679461413,-0.2688902365090929,0.34481128179331544
0.774461528235881,-0.2967714210168913,0.32855723154431016
0.7288852973995463,-0.2844758092847603,0.3330603967302438
0.7322463726109357,-0.2885950307950777,0.33156708158012554
0.6823027925096239,-0.2731127410126613,0.333306382845099
0.6707326702819307,-0.2754840193391906,0.3659583663934606
0.695579857587106,-0.2807752859822892,0.3469401698363227
0.6655752710856669,-0.27144824780824217,0.33246097680264736
0.7167156376937392,-0.2904656020524416,0.3121972058360166
0.7317541805999583,-0.2905790077938891,0.34712999163149827
0.6927424651781103,-0.279123194921622,0.33429688675635916
0.6511804824335733,-0.28353164853828555,0.3251780561362843
0.5968864292734516,-0.2554343897512626,0.3588577129038898
0.6845355522578574,-0.2827774365370954,0.35403055624691837
0.72569612553204,-0.2997445651888306,0.3298057753533684
0.6792591019478573,-0.2796587599875407,0.3255393523221678
0.8397738210615345,-0.3122864580537319,0.34746095177519315
0.6805917939845312,-0.27447462445749304,0.33174853184523123
0.696125882887986,-0.2853241687208545,0.3418045336515223
0.6877082497077455,-0.28178859056698186,0.3348146541438868
0.6687659202916693,-0.26873726522228786,0.35049532038481057
0.7528828483906057,-0.29411043421362937,0.34167816121073324
0.6160095840493969,-0.26281276416633453,0.31810821843129883
0.6782791184804895,-0.26912381223054466,0.3456927330793287
0.6730182283852556,-0.2779815251748945,0.33678783167854603
0.6062478018945371,-0.261864498337735,0.36326072062355885
0.6846973922855045,-0.2799076826707092,0.36140150484797734
0.8452075634270835,-0.3172190412844451,0.3354866732693592
0.6799747674406902,-0.277096084982464,0.32425852189191956
0.6670849633243394,-0.27415539507450315,0.34072964673248723
0.7094783627494421,-0.28140531308245487,0.35790246625888955
0.62263722127972,-0.25500002358409163,0.3341279464630336
0.7232670071811257,-0.2920288645852793,0.3510840117421573
0.6951585274885711,-0.28001846189863955,0.3323992522884558
0.6896740904375751,-0.2765903070267661,0.342680116326647
0.6508524744004998,-0.2675751419961896,0.35634425054170527
0.7012871816445891,-0.28543564198466526,0.3541342116956835
0.6619289407456196,-0.27099183743238986,0.33353623449437936
0.6821983726629292,-0.27884135279243144,0.324575284280649
0.6580722625049478,-0.25943107585229225,0.35914415051824494
0.7398077113565824,-0.29378168864039667,0.3526155216416103
0.780054114296209,-0.3003751881359275,0.3173372896336249
0.6932294918460719,-0.2804617763521878,0.35471265654525014
0.6412102017437185,-0.25809378218816487,0.3442842760036596
0.7251825155153508,-0.2959415829607437,0.3487051972044033
0.7547669142630442,-0.28694629132041954,0.34076658175144103
0.7175678149702239,-0.2959497262298869,0.34617446801917157
0.6987978931190365,-0.2783236331342878,0.3299911822306415
0.5569425727374469,-0.23560506080123358,0.3394417865450434
0.6335260064305237,-0.2656884778301293,0.3451485407977244
0.6668822521903952,-0.2711418927542327,0.33393151887604733
0.7742014334863823,-0.30574582034495223,0.3461429325673773
0.6619138259797218,-0.27754211044821553,0.3184497656964864
0.7574217182413474,-0.3044813192212975,0.34377334210188176
0.684116801807437,-0.2799940467229942,0.3370016507991567
0.7172226663634608,-0.2896993760756752,0.35965737927416663
0.5961381822437739,-0.25401274668130214,0.31046839797780185
0.6666875284130518,-0.26681020445004494,0.33516763690897555
0.6991716599537868,-0.28967440367812103,0.3340495231957343
0.7664729712341243,-0.30139799669798534,0.3341520464771
0.6481540699559295,-0.27133646842536885,0.3326641844506295
0.7687256616806648,-0.2980494401505725,0.33089990422586235
0.6771624618310705,-0.2790338005550913,0.3310901985363872
0.6057950242694518,-0.2628184253783788,0.331407078519198
0.6637143018649769,-0.2721594197274552,0.3286177171937792
0.6140139222593641,-0.2600304366247917,0.33205026476000343
0.6536130370569424,-0.26315638775336114,0.3244284923191946
0.715593455022539,-0.28331958813380276,0.33871287457390575
0.7791340724811386,-0.30809937602923737,0.3615890302297665
0.7320598916788181,-0.2822703248779827,0.3410760862501384
0.647436360848382,-0.2690299065577462,0.33404774829577166
0.6593070122876555,-0.272605744224772,0.3221057659439147
0.7718692973283412,-0.30731917062094655,0.3504674070870736
0.7455382690519359,-0.299717087179837,0.32515521347307474
0.7034581892596775,-0.2776015464016535,0.3062037628387397
0.5623137717500514,-0.24203007578889907,0.360211487731004
0.7451239785150011,-0.2956499518168328,0.31685364796751736
0.6573466439224614,-0.27454067422020983,0.3219855691572128
0.6669178804870584,-0.26897895530384697,0.33849022352787883
0.7146568574524633,-0.2839178926068293,0.36299152805954293
0.6769660388581635,-0.26580019671588395,0.336447732918924
0.6466564132478815,-0.2799448929348564,0.32550321076508126
0.7201888249438385,-0.2950735179459577,0.3321797933865885
0.64013945149403,-0.26213354439757225,0.3224896692105499
0.6332724583311237,-0.266971942335106,0.3517408179125788
0.6828624047790547,-0.2711809380653707,0.33136150935931136
0.5798303439311501,-0.2587050535081525,0.30532025067954155
0.6877222718280748,-0.28228743448799587,0.3337750690711624
0.782156831483761,-0.3080250475668169,0.32923507411219993
0.6974136398681596,-0.2835424490446499,0.34937476363799025
0.6235339028759924,-0.26334738791534956,0.3405742286600359
0.6209364582784956,-0.2658162088779527,0.3130031115914331
0.6226406023351384,-0.26702852520059517,0.33495870422622526
0.6870529444738759,-0.27867349308879086,0.3277262883050842
0.7040110524775708,-0.2848118870686832,0.32573284176118544
0.7038123794682021,-0.27978390884085275,0.3326774904326483
0.6480211122552684,-0.2636880261794033,0.32226597415184033
0.7154389456097393,-0.28589122822733054,0.313286117591905
0.6993745458337441,-0.28666331872671985,0.334534547214952
0.6995076642814103,-0.2832175872434758,0.33761315918302265
0.5973339946345765,-0.25318185505057617,0.3362930339250706
0.7582539730473729,-0.2911738718019558,0.35445332881368963
0.721477692598225,-0.29188238273148714,0.3322929761929143
0.6887142881759293,-0.2837449965389107,0.34540378858235116
0.7122673999644189,-0.3078098564185175,0.3338732805140352
0.7020963427135313,-0.2886606884116745,0.3486742000179544
0.674269968876039,-0.2772112861459549,0.38321519890519734
0.727043024801044,-0.2909338624703135,0.3357965575652542
0.7251865680522441,-0.2895852050431659,0.33341739804029896
0.7483727914667619,-0.29410526346199173,0.3363992378076009
0.6696663944618385,-0.26682635284980794,0.33353673133209655
0.7719406255454248,-0.2973824390574194,0.3415076173698551
0.7538900907710315,-0.29568486018521406,0.350361929445128
0.7219174146478724,-0.28734355188198735,0.35477413689025555
0.7476841518250699,-0.29887645760102183,0.33786415844815193
0.6254776845454618,-0.26480911287689896,0.3438238483764551
0.6756122509055225,-0.2739508874683054,0.3343307571788411
0.6394846996874837,-0.2723369921300882,0.32416458121906194
0.6444524292900601,-0.2710629241546966,0.34300213154928716
0.7093750829775645,-0.2744351450038532,0.3318026167498555
0.6085589580012452,-0.2623959832873749,0.3212777074858324
0.7563245015130563,-0.29753819139902443,0.330533639644211
0.7184502928126059,-0.2935367554339749,0.34357343000952795
0.622685893734985,-0.2602655400004746,0.33388424346919715
0.6686143831231858,-0.28365508574605514,0.3490596839452895
0.661358917962191,-0.27766550100061715,0.31948570983799296
0.6405839053450669,-0.26919577931648475,0.32090874634233363
0.7344191858708427,-0.29058198071368396,0.3677213960093985
0.7343546770410323,-0.28191418826574927,0.3311712981794186
0.5761303796475802,-0.25806581787051447,0.32920770925868903
0.5645783787572013,-0.24769228365966042,0.36425996600488475
0.7144824945640115,-0.2844722804080149,0.34037941552071405
0.6293178637698356,-0.26769236177952616,0.32064211036610557
0.7127795427946355,-0.2976758777652292,0.33094598553341736
0.7446650363463175,-0.3032483493367419,0.3466495500725209
0.6983808187612837,-0.288212392610402,0.33367117324736484
0.7130818788935073,-0.2852365895370723,0.36503221837044475
0.6569851077327528,-0.2636665557790937,0.35636658462596477
0.7266352148756381,-0.2796802054230378,0.34017828719897314
0.8253323192130846,-0.3112779086301096,0.3549600515008253
0.716268909956407,-0.2743038503111955,0.3535202021024719
0.6180682683526557,-0.27063942439667754,0.345234092921166
0.7047780780456178,-0.28060505681445946,0.37486268671448847
0.7133973215332161,-0.2898299288458558,0.3468523323242649
0.6298053203195791,-0.26708994398526537,0.34239810448940644
0.6383193596828284,-0.2721287591860538,0.3222950303698167
0.6462702192174369,-0.26424230929150533,0.34545646861460627
0.5876591899103198,-0.26264472138028355,0.3528825691467722
0.6557476799052816,-0.26886688694616884,0.32025944737755885
0.6495787773652334,-0.26916733644006086,0.33962042795648234
0.6080828736077935,-0.25029150702417907,0.35716993196373603
0.6895310210615787,-0.2872083936328011,0.33758910798488606
0.6100675339497809,-0.2547906297526292,0.33486630528293865
0.7469357218462739,-0.2951941182442007,0.3181147043290587
0.6934667635451213,-0.2853379810684779,0.3312665839426932
0.7818456512230374,-0.303099842601636,0.35436472408200625
0.6484990514882516,-0.271196713180822,0.34783258314692755
0.7513839386009958,-0.2903649550559545,0.3404373688703186
0.7163534417234063,-0.2852648235049194,0.3263150343207899
0.6840816487076379,-0.2816876624755867,0.35888790074381854
0.7923397514785823,-0.304641543474006,0.3476221522009399
0.7340787927943252,-0.2928922392440061,0.3617238053117395
0.7320662844750397,-0.28873228114506894,0.34521018012550975
0.6870018054832948,-0.2719167173256992,0.3345645039807027
0.6571700962955631,-0.27389875772978756,0.32446197301125856
0.6359231802615348,-0.26876247332860986,0.33519204120344026
0.714616015549254,-0.29240393461931413,0.3366996250847432
0.6514049071384405,-0.2651169187012108,0.3242168723629984
0.7625795046040119,-0.29351895392384014,0.35053098558841833
0.7354618645505296,-0.2965928672742269,0.3197074342231805
0.6589736707137824,-0.28391029928886785,0.3301800722233481
0.662711217481747,-0.28390283888989004,0.3564336891889128
0.786560693338527,-0.31792889587379086,0.35320578268007075
0.751322174564123,-0.3085375934356994,0.34061817857300886
0.5780741441654562,-0.2507084440954151,0.32852930923349516
0.6460087556114138,-0.2667098495161568,0.35765442936431396
0.7021944296537943,-0.2872888080894181,0.3388897035084894
0.726135288324153,-0.2952912993738293,0.35852119880121797
0.7252790869733057,-0.2817923299184661,0.32435311109267656
0.6793641773110161,-0.2808149118004598,0.3401065345147731
0.6603493937138729,-0.2798482280389479,0.3289237524161385
0.6672345807284669,-0.27284720635981924,0.34909071616140513
0.6410582893058233,-0.2768015848008156,0.34969763636088214
0.675181089671007,-0.2800543488853637,0.35732707691460486
0.6115861468964052,-0.27743561322829696,0.3338500262805708
0.6270631707717429,-0.2638802020453332,0.3393142107928951
0.6744461583775161,-0.28297352366122047,0.35159060333549974
0.6480343665737216,-0.2634534273527429,0.33637692598269125
0.6585641234758687,-0.27035098937063834,0.3313811355161426
0.7271245642437006,-0.28299990439367734,0.3124739619181742
0.737527472675319,-0.28711462930440595,0.3561179830295073
0.6508948439849531,-0.2732245929148586,0.3452874158530541
0.7289298885433739,-0.30112856142924244,0.35705438813210283
0.6345124225147227,-0.27450858071306905,0.34221738116442824
0.6644231954340741,-0.27346937707008273,0.34895402226866684
0.6242520872332997,-0.2692881803266666,0.3402472767373835
0.6317566262277201,-0.25544491228010185,0.32529601601967884
0.6645915896681507,-0.28757973139037407,0.350588093204579
0.6860359899058146,-0.28638550304494526,0.35038692892779716
0.7281720240259629,-0.29490569923829124,0.3175220783045436
0.6258374105444581,-0.25521793387205194,0.3635018586815714
0.5983416295926581,-0.24228448302716626,0.33498269380297074
0.6744733159707905,-0.2800693277478727,0.3129938576136702
0.6845138635594117,-0.2734397292431947,0.34931961424803837
0.7297648294722485,-0.2985253921292902,0.3348604600161519
0.6376886693156049,-0.26606036449101,0.3375508126999375
0.783949746828596,-0.3043947670620242,0.3571965241786165
0.662322840707136,-0.27472710928157223,0.36818735796119906
0.701486313925171,-0.2653977303199328,0.3230237015350164
0.6611818520336326,-0.2691257489360383,0.35262929098266427
0.7693206726574582,-0.30511247871469294,0.3507350012420714
0.6896283221605454,-0.2852683277906817,0.35116485135381287
0.69102298255381,-0.2897411799143861,0.3209137147480066
0.6590147473088723,-0.2658731587172211,0.35652779523036815
0.6933334365998153,-0.277733614825821,0.3216193567924618
0.6995698666023704,-0.2863169987451728,0.30642258615762663
0.576136730298149,-0.252733213758893,0.33558086202792514
0.708536474702323,-0.28908767311723466,0.3221707121147344
0.7076933446917034,-0.2854170338462958,0.31308736928233044
0.6890087419609845,-0.27284147731360425,0.34553696993789135
0.7588699332397503,-0.2988075976590079,0.3566034799199033
0.6779222153013594,-0.2817987365937325,0.30965511796690465
0.6165071617265232,-0.27396173657529843,0.35038930493235015
0.5553470514267177,-0.2510280957546709,0.34844694897611184
0.6008571582531015,-0.26023148524788853,0.3305190476402443
0.6289947446059619,-0.26882056656042125,0.3358032407196756
0.6854774112346306,-0.2721769240842174,0.3184574197140455
0.6738551904499248,-0.28050538876928766,0.34086911722557817
0.6093167880513827,-0.2514331547131729,0.3532945080546026
0.6336193000676902,-0.26338023990505205,0.3515519560583312
0.7114073706809987,-0.28660029164708056,0.34541046662689984
0.651650887794834,-0.26509609693429076,0.34577829304437635
0.7290217909110972,-0.2907580565932497,0.32880263153496325
0.6627357621319628,-0.27322913340171434,0.34522925422092715
0.6656379289635713,-0.27403419730955986,0.34346867283962923
0.5726769289817315,-0.2501457596586247,0.34748291763810635
0.6181237939316788,-0.2705180000340102,0.3802220915203088
0.7337499938461705,-0.2854059043479877,0.3287213765928162
0.7360827549122233,-0.2938760410273678,0.3461101640125433
0.7272430863281555,-0.2943917753454504,0.35007754929984697
0.5668926822781828,-0.25603227256919703,0.331566942271878
0.6828506755401745,-0.2789739451999884,0.33005291834348766
0.5351700633034616,-0.2288744403168232,0.33523852397956605
0.604184972052657,-0.2656426686261027,0.32973414085123964
0.6225137119468983,-0.2597692349615877,0.33700202559780934
0.6164193893967271,-0.2505459837296487,0.36277269523356737
0.6115260327407127,-0.2682313051885648,0.35497150539429007
0.7928633168523872,-0.3027159852841931,0.3395495832361035
0.7103097927085222,-0.2740292155540586,0.34591241744314466
0.6944766024099975,-0.27683684970457256,0.35460460775211755
0.6744265988739692,-0.2780229847177239,0.3456393131855945
0.6886164663091273,-0.28507502875659463,0.33268606465901196
0.652341280918816,-0.27071215789178726,0.36565786018586843
0.6601556173462465,-0.2682392299688914,0.31643927949988415
0.6724728334132803,-0.26661673456567414,0.33003936377763843
0.7132607094448269,-0.28907678382433655,0.328697804806632
0.7654344674398506,-0.302646653370181,0.32297606022331604
0.708705957313339,-0.2843777345751728,0.32732863047744215
0.6091607196613068,-0.2709281222339758,0.34648067479218614
0.6989194889524725,-0.28011551369185983,0.3278285659930347
0.6768616993008696,-0.27341686031265494,0.34790987482614977
0.707779766719068,-0.2931137116301721,0.33820826937477533
0.6032588828428173,-0.2637759004129693,0.3603443699511256
0.7687662003900673,-0.2945311628431785,0.3469699530680049
0.7581650877135353,-0.2973166292229459,0.3351884905841799
0.7754017808424098,-0.30846991587214223,0.3315937952578162
0.6557210513577151,-0.27681339019142376,0.3220217562880259
0.5268525718020852,-0.2489729356542786,0.3049947646282416
0.5383044006533428,-0.24879008672682856,0.34271789730840235
0.6450022956943212,-0.27423201206305214,0.3424267946209941
0.7643003191940493,-0.3023882142564632,0.34518395708162875
0.6580102344773249,-0.27601452178732905,0.3431242805511706
0.8015400657531927,-0.30379046761380485,0.3373230721907211
0.678596232015291,-0.2706967645046114,0.31542449914224624
0.7176629973359515,-0.2868282411235948,0.332785390161078
0.7628984574044833,-0.29991009494578397,0.3200524208415111
0.7524744982063046,-0.30300352657946844,0.3200984409469793
0.8008149524394536,-0.3056771733426311,0.31827848342369297
0.7180077841383505,-0.2907768544429761,0.343075345065439
0.7221446924184896,-0.2894690525736678,0.2994675583430523
0.600840037332169,-0.2532676951662019,0.3282120601105683
0.738256566334172,-0.2937923599127624,0.3232769512764419
0.6454885763143343,-0.27911236238553266,0.34704765416213795
0.6011025627530684,-0.259782518934866,0.3265220581779728
0.65729197615073,-0.27644172168208425,0.3331117284621625
0.6833903374984466,-0.28523859617645236,0.3567651415659652
0.7521254487302537,-0.2935869019666517,0.34820717631392817
0.7395885971689585,-0.303227319996962,0.33405418609138415
0.7976037545092202,-0.31403629167394453,0.32623484934141134
0.616205868954358,-0.2639554496074648,0.3493121373911666
0.6174449984760044,-0.2635422305335401,0.3334630355389031
0.6174047470663717,-0.2612299444322559,0.32173565492511513
0.7075468132821003,-0.28700965534433,0.3391353192911419
0.742419549413456,-0.2971220721353756,0.35111646512589256
0.6459235682715969,-0.25995892304306495,0.34431802141130097
0.6384391431702282,-0.2658164521796506,0.31925906246865887
0.7673593089281853,-0.29653064772195586,0.32531714418802654
0.6970061612985821,-0.2969182525471995,0.35623574504559463
0.605632482042726,-0.2615418319185237,0.3268891771431687
0.7057495947321855,-0.2879770798966191,0.3122459086139137
0.6586839325114413,-0.27238059179413543,0.35880194819960853
0.6372815720026521,-0.2668428719833675,0.37260195009117303
0.6927704656381448,-0.280653630299079,0.3197199715888611
0.6914269978883122,-0.2869584619792637,0.34417045999301177
0.676583039928486,-0.27435254177750856,0.3242494290661499
0.6172240442784024,-0.26298653639966657,0.36588282370228764
0.7074207832689237,-0.2856953682449731,0.3338655729333514
0.6038498604141137,-0.2566859119556144,0.34422544492062956
0.6425006190640941,-0.2669222175779045,0.32776596470238156
0.7407470394282162,-0.28405388484224736,0.3493726516442174
0.6739246313772859,-0.27718063949186783,0.3312999952980325
0.7275136074578934,-0.2864483135912052,0.3288504497379387
0.7103170160554745,-0.2943838012037771,0.3489761051879367
0.6974542214913738,-0.28783981244222695,0.3262530925033937
0.8270575840959521,-0.31442019429474216,0.34319020082602786
0.7251097746149809,-0.28999852651085134,0.3355254527965266
0.6577370365707308,-0.2711143692410498,0.32786856508483553
0.7639078463025846,-0.29887281655299036,0.3336874965055042
0.870207427889499,-0.3253690125197926,0.3356735467421867
0.7240241115847175,-0.2853458894377562,0.3426249227040111
0.7103400344725909,-0.28887526439479844,0.34831783200746874
0.6028936884550447,-0.2642048697288301,0.3502907262825884
0.5881202204170081,-0.258871615729516,0.3658608423590457
0.6787470816357262,-0.28215036004945165,0.32941392898468835
0.7203819560965935,-0.2973645641919736,0.3393671476556774
0.7668970159142088,-0.3101485535485911,0.3429764052552015
0.7134223401811085,-0.2980961728467124,0.3379152311970636
0.716817532422212,-0.28756526526551224,0.32536189460595705
0.6966826528472221,-0.2795158324242757,0.33344404446659903
0.7380084676568484,-0.2864003157649573,0.3325262019762761
0.8077562842226681,-0.3152831015982867,0.3331487902089302
0.6800460543807049,-0.2829268097090936,0.33986516410251427
0.6172458014590972,-0.2646572246722152,0.3462342627198446
0.7190270261601984,-0.2835920838891777,0.3137248312201033
0.6861911655060725,-0.28186899132564397,0.3454631636240998
0.6455937792493266,-0.2669961799193211,0.3361130406994479
0.7323340891929139,-0.28470719194881994,0.3151140705351115
0.7254695404726784,-0.2938582074785315,0.30913483679053005
0.7556805677208873,-0.2952076734586206,0.32962599682206484
0.5522636400214773,-0.24052263451680825,0.3458134038642074
0.563622158827671,-0.24312286671480182,0.32783234390294314
0.7052953455126053,-0.27684569098851325,0.34754157930496643
0.7343457652006944,-0.29087877952269986,0.3431893279550755
0.7941968862463218,-0.3055607887163509,0.37322268117034735
0.6424143155463226,-0.2712537369895718,0.3101900897955374
0.6478622651707712,-0.2618903921733038,0.3262198343728474
0.8151072517395362,-0.3080368513219174,0.33701270396750005
0.740348645643454,-0.299869629230166,0.3296296750398693
0.7537797746413338,-0.29757456517855424,0.31839842928653733
0.7353553025216993,-0.3009834973941385,0.3624991525786004
0.6013301738672243,-0.25870826799453717,0.3518504942758819
0.723990329612172,-0.2848302137800973,0.3149186395467946
0.6962055676167541,-0.2862884392741804,0.3153244840146961
0.7023427560335681,-0.2805763918188952,0.3331769243786753
0.6872752010955807,-0.28404077718114523,0.3167210893540287
0.7741918701991894,-0.3033155952587933,0.3432504598147345
0.8039590804952315,-0.3085119323440089,0.34662297945233844
0.5293294673891534,-0.24341462654786533,0.32051600692362125
0.5627554650924531,-0.24591823865422202,0.3239193008181315
0.702893177460372,-0.28900740072843584,0.31144828205250596
0.7052204274857358,-0.2881975272387792,0.332795801382974
0.6807103245841696,-0.2732424571556792,0.3173217007569389
0.7044858135770865,-0.2767016521790157,0.3344558647181656
0.6570128000430973,-0.26561890639925584,0.35445510470646224
0.7520760436766931,-0.29289222729629955,0.3373130039256666
0.6910327929839895,-0.28205400262844904,0.3352512846004407
0.6330218818733293,-0.2713258828183463,0.3334077302382073
0.6892444113070122,-0.2788320667697552,0.3377775727719471
0.576872036432948,-0.23255895696810447,0.3552436194270999
0.7720407707172925,-0.3019556607138285,0.34099207011230914
0.62951281013554,-0.2682148487909582,0.32167980559465814
0.6612951649216567,-0.2716171232431096,0.34267930304416083
0.6195474263280514,-0.26686639745724355,0.3438702519340901
0.6921477648719809,-0.27657720290472393,0.3394191958461856
0.6420445158046372,-0.26625985025660537,0.3396100947837838
0.6928743045549693,-0.2744915262510966,0.3329885507514174
0.7040471104187185,-0.28912338784882124,0.3429029617176933
0.7999930772971706,-0.30929271672648884,0.3311733446528173
0.711756110843595,-0.2950238930107875,0.3416903163312937
0.721533562565596,-0.2890767691787545,0.3512377452467683
0.7408639021522773,-0.2981041601578656,0.3432003978262211
0.6367125263320709,-0.25841579679521104,0.3562149646542337
0.6353771537194762,-0.2664125885727094,0.3547045611253628
0.65024916763567,-0.27587035379792263,0.35179031151725654
0.7560225762434887,-0.2941549951094663,0.35564291950898214
0.6958672002602097,-0.2834309707397693,0.3385517648120801
0.663413064039293,-0.2728829310437062,0.33531513140048785
0.643872692300346,-0.25445371143617834,0.35295524231104425
0.7828779801341963,-0.30541517699565895,0.3540452247593686
0.6332362787498917,-0.26702534072598694,0.3452813354067869
0.7525411260375017,-0.2903931315026089,0.34717917180392266
0.6456130688013944,-0.26671639273809233,0.34090559656250635
0.6727204832835605,-0.2821759835124885,0.3210011405455838
0.737091486949192,-0.29436529603464034,0.34954291066908627
0.6400373279605183,-0.26857275683806986,0.3513319049426863
0.7165676497527435,-0.28475570578291776,0.3652392928024299
0.5450002103237352,-0.24843498306316014,0.35769458506956137
0.7379535820330876,-0.2957745387269498,0.3142679975639232
0.6916103865546003,-0.28509731944905253,0.3330928035403169
0.7665396003515723,-0.30520154431068564,0.36033498004299563
0.7003273954709169,-0.2844713507479148,0.32616162309626817
0.74193740652915,-0.29573705563652497,0.3280500988217971
0.696337362538118,-0.27440542227063247,0.3305361219502055
0.7482249525712271,-0.3084668231213435,0.33943041961899434
0.7532618312490904,-0.3055233579308633,0.35068908576718477
0.6555872033966701,-0.2728414342061194,0.3437547263196259
0.6223083239585757,-0.2648158063351871,0.3660704266951411
0.594090175647539,-0.2570793103587953,0.33467902847389625
0.6695949925909038,-0.2761067067064588,0.34316188534527725
0.6393917625975992,-0.2787754248579099,0.334195297646877
0.6810490659976465,-0.27905328635852306,0.3233849827650317
0.5602199705997807,-0.24945002331471786,0.33977848328498866
0.7187318392767297,-0.2877095338694033,0.33610159998547556
0.6575576558232922,-0.2677436547837632,0.35484670938287494
0.725640275241184,-0.28846408764779496,0.3375615555612927
0.6518855288798993,-0.2742247641630463,0.3236333698468432
0.6704681378076616,-0.26659933739526115,0.313438357649052
0.6701609008465015,-0.2699090661982439,0.33879775787055594
0.6683987378666776,-0.2711751986678092,0.3483288566809282
0.6995162961462734,-0.28360156607501774,0.3264146035786263
0.696724631980195,-0.28541698356230877,0.33031745354868397
0.7404467961937339,-0.29429811572035136,0.3626163472469497
0.7121200675098522,-0.28650090730750016,0.3672271491259726
0.4402119430306808,-0.21910547861299046,0.3485049251003347
0.7507775088470487,-0.2965448912431032,0.35288967725402604
0.6477114508997907,-0.27253720929082464,0.31846544281013145
0.6767159578821847,-0.2769136701785055,0.33109740686279404
0.7434489609946776,-0.3015547478653795,0.34420609138374275
0.6625998768377072,-0.27169825674512343,0.35193258452411824
0.6500788548178021,-0.2703154849978632,0.33595557434287115
0.6070550679629854,-0.2521048205222782,0.3540396248242214
0.643153448175054,-0.27954306887247093,0.36199797292591024
0.7338285348569249,-0.2854380604121311,0.32405508250148657
0.7499870377578635,-0.2993844476777596,0.35531612662380607
0.6558083286748675,-0.2719555442763613,0.34467516346023014
0.7008571096739227,-0.2774600611214892,0.34026461940797087
0.6822536571300167,-0.2798786871838338,0.343196284941199
0.6840049226387009,-0.2729528787376224,0.315007325647195
0.6664731381476354,-0.27904409568931426,0.3512277048379779
0.7294852343834898,-0.2887400143095353,0.32870508468434295
0.6099292862234948,-0.2601172356548029,0.35619002049824666
0.6970621237699067,-0.2788076632863235,0.35079813419119993
0.7178914189210611,-0.28653153706083617,0.3360196562260723
0.6347108707221834,-0.26438818394191593,0.34171923016327527
0.7828090063634967,-0.28945781759355516,0.36176292077623506
0.7779966373871192,-0.29759422672114577,0.34114044017397827
0.6646573753269134,-0.2824474294626018,0.3159579493464881
0.6495219841924049,-0.2713985737780323,0.3400529665199303
0.6972220040800293,-0.2738264148236898,0.33465444319814114
0.7040772861198806,-0.29519031545835245,0.32502077634521287
0.74555653058633,-0.2826089190271471,0.35708720438627606
0.6550918105271508,-0.27855199750387527,0.3227226012894411
0.6189934443476856,-0.2701409073305437,0.34329618484668606
0.7097977582867472,-0.2891426466449738,0.3345014634085859
0.6276615907399683,-0.2721891501043183,0.34693607778836305
0.7096438044927479,-0.29410802753930104,0.3482354943492169
0.7963885457757429,-0.2993735957700631,0.3376349505013074
0.7523206263081045,-0.2935150508276421,0.3287405812917333
0.6199891570225455,-0.2655355969789522,0.33686880290263005
0.6043787082820434,-0.2589953713694556,0.3236630503512053
0.7357025701005664,-0.28073541016627274,0.3295784008614788
0.5985961724743792,-0.2579451766583452,0.3685086651224042
0.7898804425212732,-0.3016671315219804,0.350587787038903
0.6577270638301378,-0.27810311785503306,0.34800189324037234
0.651238164139916,-0.2783992012214918,0.3844470429430887
0.7211396454750151,-0.29085038612004993,0.32939221782166317
0.7248563007190926,-0.2874971266729632,0.34069576835853815
0.7463465651917992,-0.2991757348966779,0.33700260755024714
0.7060259465362901,-0.29492418423568306,0.3325095098236715
0.7097982654085888,-0.28609673463920776,0.35653612884083036
0.7422058441460405,-0.2948485480569621,0.34791846555422784
0.7233246511944248,-0.28385993181367797,0.3331260424183914
0.6551439678591863,-0.2638226030959392,0.33763690218882586
0.7161579298097971,-0.2840727045777083,0.3395911332928279
0.6135570223568736,-0.2650740519433777,0.33071130425311
0.7534910191386567,-0.3016782567141283,0.3084979692614509
0.697337062720758,-0.2854157632274582,0.3332682440309337
0.7967136906646941,-0.3028356750095635,0.36382861092062824
0.572089446869724,-0.25468159387244205,0.3368237539454013
0.6428091248430919,-0.2568607962439077,0.3316836762026911
0.7185761238400963,-0.28978842504407326,0.3221470926528953
0.6270802737825727,-0.2719181385856557,0.327982870094255
0.6391769986015138,-0.2666302750457091,0.3550559145433728
0.7248366987847498,-0.28935088432737,0.3244406304798337
0.6729688349933874,-0.2691058966160561,0.3355538061138101
0.6538865519621055,-0.2675686214258396,0.33015024973380275
0.7192901484484974,-0.2863956741147117,0.34372905348002475
0.6371712083715192,-0.27210080941082276,0.33631959145025153
0.5924635755274471,-0.24642253190891752,0.3434914419468092
0.8017703381516134,-0.31435777265704684,0.32649974823869565
0.7767909478639,-0.30619945578373653,0.3310913627079904
0.6153145082000507,-0.2556264040312529,0.3175537749052177
0.606478717221352,-0.26153592527568337,0.32941894757053203
0.6017365625755245,-0.2565982286363424,0.3221972296546573
0.5559003165414125,-0.2503885395365313,0.3325642417273042
0.6837585198027768,-0.27827265817110647,0.3512260720599109
0.6873419431461866,-0.27908546886989205,0.3309465252284132
0.6502417626591028,-0.2780539053390318,0.3237240208998926
0.6825822513173629,-0.2788636714495295,0.34351118953075266
0.6728842058778134,-0.27187707639048014,0.3302623471507937
0.8465053592837088,-0.3302802229255657,0.3355048090222201
0.6824550365707063,-0.2724013780877507,0.33565501124457214
0.6469887079989008,-0.26914277283325994,0.3415956271794949
0.6112135128466055,-0.260618188122351,0.3220504952299959
0.7394655732597561,-0.2938356243602722,0.3431977561161979
0.6373923016720432,-0.2677487321840204,0.3263070245071192
0.6776906056150431,-0.28006256075625985,0.3148261988572967
0.7581421200023113,-0.2894688205284139,0.34017578837710843
0.6349536071715561,-0.26963074200117015,0.37372301945608066
0.643046806973504,-0.2768777516856504,0.3437369782032169
0.7125578213274035,-0.2820385293088724,0.33861906618650456
0.6611120019961432,-0.2753666740713554,0.35112863687671464
0.5737108437617637,-0.25789649338611337,0.34636534063713825
0.5531068925317093,-0.23286272303147257,0.33659761771605085
0.7103822368002611,-0.2877654963957306,0.3154703426755998
0.7431543777001388,-0.301529086909828,0.34527801516276274
0.6861832231600548,-0.2684520463919254,0.3309165785419598
0.6726414817864735,-0.2828242956710527,0.34553146664996887
0.6486884231467316,-0.260448347151123,0.33732077078493516
0.8396415696347972,-0.3241600773184245,0.3534401528259253
0.5891800245714192,-0.24983035773281595,0.34769166022773884
0.6978531885681942,-0.28792848769102264,0.3645786024759387
0.724681961558106,-0.28756957400806127,0.31401387320283003
0.5855100493516701,-0.25410390164331137,0.3182108513083202
0.6122077948049404,-0.2684451371474667,0.3235179927761597
0.7225121016619354,-0.2829625719302408,0.33594480908486996
0.6579915219134933,-0.27032824179686205,0.31127786509289057
0.6741836737871896,-0.2791108646999568,0.31907530893753133
0.6994374665661712,-0.2808600449331772,0.328734563547223
0.758808962141225,-0.29609529383454786,0.3300496851530456
0.6900930147218127,-0.28225594109614216,0.32675465759825717
0.6949928096389154,-0.28509209863827606,0.3262443275562385
0.7726931510625668,-0.296689681597319,0.3421846681303531
0.6798109460617671,-0.2640154749455811,0.3430283437303709
0.6827435585950944,-0.28331600290954045,0.3089092149303725
0.5687979845482054,-0.2454632893835039,0.33782440732488217
0.6535428643926194,-0.2783243371339762,0.3370958353498028
0.6760317940320164,-0.27355661319370145,0.35333624688199083
0.679853040035007,-0.27992818737300534,0.34931479444472024
0.6512565815395637,-0.26880313954789653,0.34405718829111454
0.6042120905960181,-0.258188036576258,0.339046770126174
0.7154379181395302,-0.2897291080096803,0.357415512661954
0.6333744857458751,-0.26736237531272633,0.32392273427786433
0.8579373088669876,-0.31636793174589267,0.3526579642154576
0.6784098351266775,-0.27648990681156943,0.3393766567738995
0.7679470360527543,-0.2995302055048553,0.3485465272546038
0.7038738104982615,-0.29624264732227357,0.3219080011602015
0.6390888240803976,-0.25812575920660424,0.3387694032465258
0.7371333029216908,-0.29241033249009657,0.32917371579372
0.7120365376244834,-0.28492549551442614,0.35241781529174954
0.7550271181979208,-0.2940389156826668,0.339872723345276
0.5752320835035507,-0.25545846723029747,0.33801436969072146
0.6807666342331156,-0.2646244808845269,0.34096025087141363
0.6709550752316563,-0.2757555365920213,0.35076117186794226
0.760349349187575,-0.2976105906835235,0.34178067264425466
0.6671765705335925,-0.2703871969288998,0.3434809202571391
0.6914078852614702,-0.27262455656120455,0.33978353365837716
0.6531754606921496,-0.27885502403546963,0.3267209601974873
0.6611948800986148,-0.2751927401848881,0.3392313799776887
0.6464482996566648,-0.2707959350445697,0.3275561366744187
0.6474769404140623,-0.2591877999837071,0.32882616770870277
0.5862330941759933,-0.24739591063194377,0.35314449246888807
0.6611548069601694,-0.2762836176899238,0.33855209997497
0.742988997724581,-0.29839675579090863,0.35314980408934227
0.687857536977301,-0.2791614938770649,0.33833683033094925
0.6977699238294637,-0.27148239445896816,0.3767846917189045
0.6804651079541523,-0.27906161229460164,0.32286971096112677
0.7649506816883326,-0.2936710773041489,0.33751707677906667
0.6564885367767778,-0.27463428953712365,0.33089614585636934
0.6412919843792845,-0.2628788324497574,0.34304868996010696
0.7695840014665293,-0.30160666784012646,0.3434819831798149
0.7957175028140453,-0.3069890965240299,0.32902408372201875
0.6527940247926548,-0.2679083872571766,0.35575866209249385
0.7415501642090923,-0.29273825478941945,0.3230165186520434
0.7343915608905768,-0.2914208450739352,0.35417698981097073
0.755525787762711,-0.3000012381154531,0.3406201019726705
0.67644154181015,-0.2830049034569407,0.3557955641733761
0.6514301412538165,-0.27905117394710344,0.32064436134434776
0.7673783634588867,-0.3012752244564723,0.3324261229251665
0.6866034129259545,-0.27106240600360926,0.3178751498900089
0.716383806184104,-0.28910329242850713,0.3209609365080381
0.5690178918519608,-0.2468686727959482,0.3360058533905686
0.7293800815661685,-0.2958600421015025,0.3223039784754649
0.6524066121146449,-0.27377354860211606,0.3278984543016829
0.738223611940858,-0.29256352480756487,0.29967383576026846
0.7620525835787149,-0.3026997523324307,0.3156183785408561
0.5843260572269889,-0.2571638556107705,0.3206754949349255
0.6936727673489526,-0.2807540263538387,0.3348955050883918
0.6955034805883002,-0.2849678084309597,0.33549552524129295
0.711119870147077,-0.286445896829529,0.3324527961669837
0.6404664782095706,-0.2697745207949092,0.3445710071277508
0.6580226528129168,-0.2772384960817147,0.3434991916214961
0.6839765603626485,-0.2799159015854721,0.3432112001508638
0.7339932227822262,-0.28942472918872025,0.3372778659163149
0.693674622118414,-0.28163008612312257,0.32683340450230813
0.6617024002618119,-0.2806393361138981,0.34749160122039335
0.706910957563674,-0.285991724404565,0.3403626320110239
0.7485772839914095,-0.29384144695924513,0.3423605647474553
0.7133065109965796,-0.29169778906426397,0.3570902904217467
0.5985664481667263,-0.2621496361284272,0.3392355796273337
0.6217906223954988,-0.2671450884851967,0.3386063892724834
0.6887518633685893,-0.28016069551138206,0.3522300866919011
0.7849791270128663,-0.30549412563948747,0.33075039508359383
0.719066001134547,-0.2891820648317341,0.3464149972256558
0.63087559627984,-0.2674727349087064,0.35553947758454
0.6506354653115772,-0.27780229802248385,0.33682620985703665
0.7858971717241443,-0.3092576791144132,0.3164299752731877
0.675933325091014,-0.27525331317438334,0.32736419238439857
0.6188180311954454,-0.2717652549938009,0.34681583643836106
0.698496140786822,-0.2814210118452353,0.3292176697189433
0.5948465368723579,-0.26065644041652025,0.3404383692563777
0.6948189160136593,-0.27668050681966233,0.3057059962735426
0.7193076554148905,-0.2791144685337982,0.3341977923341081
0.6265218075007726,-0.27945905517470604,0.3354578201594002
0.6052962274784423,-0.2574548798939926,0.37271192495275857
0.6492416535299813,-0.2643978974602047,0.3119334454329965
0.7264949368904418,-0.2937835880781954,0.3330485065431278
0.6829171076962729,-0.28082702118852865,0.3559239601017947
0.7888978222393995,-0.30311597005025026,0.31107859853982994
0.7896557226991296,-0.3049032770571767,0.3378598825583406
0.7165369799685446,-0.29922192111515206,0.33688978535067743
0.734473568232675,-0.29182319420503355,0.343970558129664
0.7726629628221355,-0.30406524604880336,0.33538420245316536
0.6653618951559758,-0.2760489097024547,0.3341337233382003
0.7689316458244807,-0.3061569470305617,0.30423969155230995
0.6897241864197869,-0.27862515754614936,0.34127917139912767
0.6128115904300561,-0.2617599142169736,0.32891465942541287
0.7650343849486939,-0.31289142805762077,0.3501623062759976
0.6743730150711987,-0.2853036878074122,0.3246828472250277
0.563559160642237,-0.23585811325573797,0.335941437949948
0.7293591366121833,-0.29296894603025875,0.3463451491410802
0.7506456127253764,-0.2964077321072149,0.3678079737874804
0.7455769464248623,-0.291149376462968,0.34530863160018055
0.6396030945305536,-0.27222826986987714,0.3400248085367252
0.7001075368097218,-0.2824825395071055,0.3292688113850646
0.5978995065621475,-0.256563564369114,0.359513217905593
0.6134454756321188,-0.26477660379092804,0.3472290989309484
0.6752490166102123,-0.2872163473271987,0.3515727635122136
0.6570909481327103,-0.27702445116953844,0.3469865844737404
0.5429997569188351,-0.24988356936493925,0.33413583996322066
0.5907441319884438,-0.24674339541117163,0.3492635924138118
0.6357313857518213,-0.2716371905119067,0.32980723555702585
0.6481443466512069,-0.2646994412562994,0.3680383729279282
0.6418938557607647,-0.27778373925595584,0.37225993310240046
0.7369410236902972,-0.28986391663383076,0.3389468688006522
0.5751604986476696,-0.2591043997225595,0.34467372201755786
0.616386693329969,-0.26692318982050117,0.3397734134473907
0.681838781610431,-0.2826207014658002,0.3271387919108538
0.6866819880953424,-0.2826697751271762,0.32311728132641493
0.7184467054967167,-0.2985459292089822,0.33700994286166835
0.6437032504298216,-0.27016877942266904,0.33133800624710363
0.5897760990702818,-0.2503562822354783,0.3407170127342599
0.7521845065726751,-0.2894684231491786,0.3430188178918431
0.7582618321174585,-0.29399654511204915,0.3564350932546568
0.7336675838787868,-0.2889687972732968,0.3201245275535961
0.7354249890294328,-0.2903342227933441,0.3133218546547264
0.664055495427027,-0.272191956757131,0.32778703982423896
0.6811517884254545,-0.2828814028509372,0.37179385122266573
0.7156942905242258,-0.29730344170990736,0.3431827005457142
0.6666106222917625,-0.26486671812297785,0.32307268659526084
0.6485419833450673,-0.28729955966965753,0.33554729551137763
0.7543878760851782,-0.3069147670553306,0.328625815412655
0.6682550887899494,-0.2792483732667561,0.3244698769784008
0.742303201147264,-0.3001349864947345,0.3334085004812026
0.7528503094887592,-0.29879039960608655,0.33579219570624363
0.5919754249909669,-0.2515446257447056,0.3197079228093682
0.7121523036415832,-0.2906465863707661,0.31609748305007385
0.6319193412454053,-0.26669392212319637,0.31408742210732987
0.6828703189049244,-0.2918737671574501,0.34347273546323603
0.7550264087217393,-0.29695335603605344,0.33588732863168613
0.6071253555208439,-0.254691734619156,0.3218336994822863
0.7163580560865659,-0.2901991990141912,0.3371078458523941
0.6687002916112329,-0.27518558431868373,0.33405257610314854
0.7416188054049727,-0.29896776179003004,0.3450458117181542
0.7024396877147139,-0.29571681848234477,0.33635234019614807
0.6280241939448843,-0.2667944497493575,0.3475515272997695
0.5642522993880702,-0.24412282864944362,0.35544857758680515
0.7820395902191167,-0.3083199203331385,0.3148347635351969
0.7812057522609489,-0.31799441396219075,0.32668230111601276
0.7770766069385727,-0.30074700048496944,0.31885120788611987
0.6877376138173023,-0.2863297093324895,0.314374876599721
0.6653471995520216,-0.27128217489089274,0.35968117699629365
0.5593555895898699,-0.250237810240796,0.31995053004571566
0.6178063206086619,-0.26792463296544483,0.30778948792172345
0.6891733599992127,-0.2802970492252861,0.3388856155526565
0.6571762871607314,-0.2653066372448463,0.3280047097754312
0.6628410428773492,-0.2800552143841197,0.3216203435543938
0.6228414529872032,-0.2649472953795385,0.35112879702052635
0.7554771207087903,-0.3150928806879682,0.35038511027607855
0.6694010637734148,-0.2864282986999441,0.34263966545870944
0.6465255466655793,-0.26286461459760474,0.35303196786920343
0.6942048153621775,-0.2829926968959053,0.32425402558399324
0.7357783457504061,-0.2936108056686364,0.35510930132153623
0.7915823525239464,-0.30742005517153553,0.34192680568120287
0.7545068949918541,-0.30663142821606376,0.3575139897162114
0.7223758562840022,-0.2908963110315842,0.35244098924731193
0.6734867846847971,-0.28518530584957175,0.3316784772473162
0.6882603628757458,-0.2796366770914097,0.3345537572524959
0.6054427362583961,-0.26219516302323603,0.35028564350612157
0.6433933269997596,-0.2638480435302127,0.3639585361888566
0.6407285522572549,-0.26335362390367945,0.3352938634749711
0.6667698531941926,-0.2693510190203003,0.32944358345963387
0.6333068866456495,-0.264247174710076,0.3455631745597902
0.56329341407686,-0.2506637716052626,0.3358464748617211
0.6546773394599401,-0.273403530649733,0.35951921454355973
0.7263814638939172,-0.28782233346735275,0.3325781265264042
0.6189731880818715,-0.26239068734873183,0.33456730389493555
0.6363403663144778,-0.26794822705236154,0.3247704246019132
0.7573039660338826,-0.3036825008374281,0.3370996444435903
0.7301359390106493,-0.29549520285843167,0.3411239879047573
0.6942624286225934,-0.2819556561714027,0.33113718614224125
0.6849049852466106,-0.28830411358983704,0.32126704758492997
0.770446899311228,-0.3044945624807721,0.3304411774184272
0.729864052586589,-0.2864253954557446,0.34297976973941724
0.7193918175658165,-0.2893731898691343,0.3596181087680858
0.7376573209470534,-0.29844290198572765,0.35957322099210387
0.7673886614023345,-0.2896027312288688,0.31890068930283455
0.6541868675249459,-0.27115637985806734,0.3270995282189974
0.6715670235205565,-0.27789923389994303,0.3355976237342619
0.6941988345910552,-0.2850757440504041,0.33651795908464605
0.6973614138591774,-0.2948005810842005,0.3501975061239544
0.7656847237552287,-0.2986717592886175,0.34065445878662226
0.745473012044962,-0.2996762175947196,0.33765538759938907
0.780359321382351,-0.3087718879741021,0.34036721317024055
0.7302729941649494,-0.29509319469011197,0.33471231840310384
0.6799383243677282,-0.29005162051144995,0.32875325365053715
0.6899425086268437,-0.29073335113477516,0.3228294101960478
0.6727547994764226,-0.2890239011159306,0.34898091567025846
0.786873600217168,-0.29658019157622756,0.3376961122730783
0.6535941469775498,-0.2727294995470327,0.32064047909853954
0.674840443791518,-0.2897701520219916,0.3429599691922897
0.6745220281495451,-0.27404080150647886,0.34159004592756925
0.6112183572698976,-0.2631817738977386,0.34160499407309525
0.5977494376614538,-0.26049161187283404,0.3320543772952247
0.6647087270677995,-0.279683463911534,0.333451301105814
0.6407744140253435,-0.2755298795017212,0.34714611265510475
0.6557053399446134,-0.2633371771594899,0.3531835577480797
0.6022804515957404,-0.252632335694901,0.34133191772203364
0.5909735564770442,-0.2573202625734837,0.3516946116450606
0.666515028436234,-0.2789124061682746,0.32857728871357694
0.6942914612044153,-0.2879260994561724,0.33615629215072174
0.6512651838523816,-0.266266778678479,0.337546343247958
0.5707801788359309,-0.2578004342117896,0.32959341524811564
0.6451606946729249,-0.2681006289975012,0.32124877795380335
0.6881142100599251,-0.2727778914171522,0.36022090733756756
0.6756229473137699,-0.2769610988462703,0.34109774083769206
0.7629911680657742,-0.29459802695408754,0.3166137870134079
0.6954059176210897,-0.28748079142275834,0.345780634895869
0.6741374415764833,-0.2760731973097728,0.3418933223176514
0.6350840768039786,-0.26937648919647117,0.319985683512224
0.7073438244922525,-0.28385254811430316,0.3139604102997617
0.6969210584051669,-0.2904296883373657,0.34498929844754916
0.6050298628782792,-0.2613109929593952,0.31060079171817634
0.6644254767473304,-0.2777310046800482,0.3283948993913173
0.7475739825793981,-0.2948389094594133,0.3456437140529259
0.6043751874038292,-0.2680220514431341,0.3307410702588744
0.6756061082877955,-0.2777286597668735,0.3340355974128632
0.5597829844403199,-0.24071002617996556,0.37171792032374196
0.6134910569617158,-0.2573520059648728,0.33851055749699444
0.7650489456855984,-0.30259759260399177,0.32462952895963404
0.7836094230520749,-0.3107303234941427,0.31547893018373313
0.6608203634150638,-0.2710526176187985,0.3346917819560269
0.6778283073908336,-0.2760646602249142,0.3501406041375383
0.6831784979808068,-0.27785276905589795,0.33357416583486926
0.6248697996921204,-0.2658277205875095,0.3200191693158572
0.6973719178543081,-0.2814162158595433,0.3517778479015128
0.580812676916039,-0.2593571512413776,0.31429266568603004
0.6072035740935352,-0.2634977240574939,0.35439385948942803
0.7441194912081287,-0.3007351808716468,0.3659844618820575
0.8042418343742963,-0.3186590010578834,0.3185622257303749
0.6477912745547906,-0.2662899756060507,0.3544816109033852
0.6468186893041789,-0.27923188510780483,0.32308490598499534
0.6423094302565746,-0.2771517062554819,0.31938489260838393
0.5266492518589241,-0.24222437467247523,0.3453507014404269
0.673399002560305,-0.2686341855500709,0.3549786435547768
0.6635599856405421,-0.27351517915995505,0.3249640029546643
0.70443366730609,-0.2800076003401191,0.36269772524134714
0.7030022257196819,-0.2839329657339116,0.3258127597609084
0.6582697771216295,-0.2671430616107729,0.3657625567343221
0.6415601376333845,-0.2712771600217597,0.33299204424734147
0.6080666127234109,-0.2681106586386977,0.36390340738169524
0.6233854203408112,-0.2583731679763556,0.3543025646026235
0.7180038432229005,-0.28815589661986624,0.3788172913155695
0.6966763116632966,-0.271758783450245,0.3258066990422563
0.706844877229948,-0.2856719761758175,0.33055232099438514
0.6497031218662052,-0.27123995586338695,0.337422864045349
0.7298428856494447,-0.2926145144604045,0.32268509077463886
0.6616759567383652,-0.27491503992995814,0.34119338166486396
0.7238197082785137,-0.2939691249428235,0.3236850957596052
0.7257757060266616,-0.2860904141581233,0.35240512392910106
0.7018439780597985,-0.2825648830179324,0.3334026315358116
0.6886861877154281,-0.28544977698552554,0.3348723494430584
0.6937012640790526,-0.2841771296490681,0.3261746037841739
0.734794331333966,-0.2859175198715774,0.34131015291116507
0.7468631973618621,-0.29798543529400157,0.3337750482232231
0.7255587550981683,-0.2808168918665466,0.33998849335119063
0.6687588393717444,-0.2788329063833772,0.3410808591509403
0.7676178797924008,-0.3022123812950744,0.33221947224013815
0.6249986846311737,-0.2667420002695795,0.32921788667597585
0.7401380575128823,-0.30566622856786424,0.3498072687482426
0.6446205881590444,-0.26756419449074226,0.3424984424832087
0.641657540654744,-0.26316728422193647,0.31604220771999036
0.5048237300470348,-0.2320222993132388,0.35515127709849037
0.6523642105864413,-0.2639559878810431,0.34422962717424793
0.6125134392924448,-0.2581742146954882,0.3486615016547033
0.6518824506318127,-0.27171284339623364,0.32759301694211473
0.7207211409075689,-0.27777818370452595,0.33299079650833774
0.5715777461225467,-0.2524434550653628,0.3425258721563277
0.6538743128781744,-0.27140315520009695,0.32655360377911474
0.7398808162839685,-0.2897037924700006,0.34370631856510486
0.6666951358499882,-0.2816526400670802,0.32693888986739433
0.6442769144095097,-0.2699046247549219,0.32248227099665333
0.7591687078912832,-0.2991522279579154,0.31753098696292903
0.7234866951136164,-0.2931876978187517,0.3447952357635244
0.7593702173176783,-0.2900036392237386,0.3364038920721811
0.7581727448256854,-0.2950442354673457,0.3171239171967643
0.7142453103146856,-0.2810876328133527,0.37335236766574
0.5778041661709412,-0.2495679262395496,0.32421598548085395
0.715555386351221,-0.2911288744076394,0.35936728772670556
0.6423499067095776,-0.26646791383254576,0.3405860875004714
0.7286257113800355,-0.2931450202123625,0.3405639784307781
0.666809932592967,-0.27498428661719593,0.3444984365328102
0.6726762047615146,-0.27632722308699936,0.3388752877861667
0.5865494670303906,-0.25207681899469186,0.32440893978514057
0.7765638364013614,-0.30539896923684673,0.3513843088230619
0.6976203395747356,-0.2857378755323554,0.3191656565974151
0.678208540553511,-0.27080790345512923,0.3326468433426554
0.7517243938958483,-0.29211386556945096,0.35358230013077097
0.59823124527141,-0.2602111721778878,0.34745394920374073
0.7173370451479789,-0.28792745421394494,0.3269823289211769
0.7232639769109463,-0.2770788204684361,0.35403639504667106
0.8014734509910549,-0.31013132077380096,0.34831028264347225
0.6818465640876584,-0.2849924594121636,0.3391981678372265
0.6506776800587268,-0.2762342509746058,0.342047212992493
0.67782461097756,-0.26971172020989065,0.3283281595418171
0.6569652316421422,-0.2709967329120331,0.32682502696896953
0.605412419749267,-0.2583618010402461,0.32280037754983526
0.6234126290487171,-0.2657015667834984,0.3167392924042958
0.7079446062986412,-0.29078637790301093,0.32747489641853234
0.6365649703604829,-0.2588589708433159,0.3350143811433121
0.6523603897278435,-0.27278130750945595,0.34580757457300226
0.7251640196976986,-0.2847930289262089,0.3318164829798227
0.6944101383275886,-0.2826132736707801,0.3119616330593687
0.6028631446155502,-0.25740687283204394,0.3459470508430279
0.6564058842260976,-0.27986810945206414,0.3406016751309612
0.626757743807399,-0.27157184275717366,0.3326530773285038
0.652283910511478,-0.27049758668962637,0.33073038265209065
0.6338722362072701,-0.2714220143264014,0.3447621248512424
0.6784627946905333,-0.2781144715444248,0.31839535205412856
0.6214847434602138,-0.2708412230149831,0.3620450486954179
0.6309674180946091,-0.2619508218330494,0.34381592397939
0.6690235094840612,-0.27124273561510215,0.3667890746468505
0.604354606006685,-0.2721822229129888,0.32336541519061984
0.7515469732427508,-0.2933164891656179,0.3366766573395885
0.7248951001490643,-0.29408870091136186,0.35167825978673406
0.5522132544087461,-0.24503551229045942,0.34021749295600706
0.7131139667739065,-0.27779321924370426,0.34871387500772816
0.6664677307502095,-0.2838543777029206,0.34515805985067993
0.6811530628779605,-0.2824740366446911,0.3352824046132623
0.6942747861802466,-0.2854910331690102,0.3257863093989697
0.6427258548041812,-0.26272472497208044,0.33745354699790636
0.6936731698906264,-0.2809189305447666,0.325493584312355
0.7161263658668083,-0.2923340951042809,0.3385848299912539
0.6692077273448787,-0.28244487013951236,0.3488282359515227
0.6293841910720542,-0.26465537570156744,0.3581133223588956
0.6986346494780294,-0.2810088989062499,0.3270733625943793
0.6138716456150102,-0.2644944381720007,0.3443547805782613
0.6756389920423715,-0.27880954869631824,0.31053875504955875
0.745119676213463,-0.29319339102085784,0.3438127480459626
0.7190608198071753,-0.2744896251667595,0.32651374316934917
0.7664942545844277,-0.3068331156492571,0.33255745057615066
0.7808789305453728,-0.30620933597604205,0.3609190955743843
0.5494487896526596,-0.24969532619604562,0.3120081381730317
0.6694332325009954,-0.27047847331842517,0.34935071992645184
0.6827669131309616,-0.27664420627846625,0.336602192959573
0.7822476041182491,-0.3131783858786921,0.3464063344084297
0.7259201866827356,-0.2965841965644372,0.35096252502496544
0.839277422376271,-0.32174633995342977,0.3443211019167645
0.6245547136396962,-0.2638849803371333,0.3143922030493649
0.7298809755049933,-0.29148141596679705,0.30658293587080987
0.6787505278363046,-0.28380912112029366,0.33707225380948025
0.6511704846124652,-0.26413225655740763,0.320999634886449
0.5994002082426273,-0.262378814877864,0.3371281466020791
0.6152801417267666,-0.2620121437555011,0.3281581456093092
0.7642272093985661,-0.303033078272513,0.3290339960074583
0.7332275133962872,-0.28661808841012604,0.3387954342641505
0.6432732059930862,-0.2585895316986074,0.35010053760328785
0.6880689201549012,-0.2744781361135693,0.32753102218327557
0.6830292558233643,-0.2843164069046429,0.3176872587261408
0.6050921151223787,-0.254962973143811,0.3567208548232079
0.6610273228714123,-0.2777102196872509,0.3141704684767646
0.5091794581081646,-0.23650654748365513,0.34187397998572006
0.6485263093371363,-0.2765969133140177,0.33329214003819385
0.8307442682562672,-0.31905528041939163,0.33881078795063135
0.6723816528819199,-0.28588168203319925,0.321534652418424
0.6431235776049624,-0.26581901630397986,0.36782414429052285
0.6454535927066114,-0.26164649178648824,0.3324659789133206
0.6744115142337407,-0.2856945516620496,0.3201093371557181
0.8095106194011028,-0.3205318094888492,0.3653203344675326
0.62705954874977,-0.27755425591576566,0.3365961320270046
0.7374047169904564,-0.299734331122454,0.32453458538624486
0.6964323040079519,-0.28913407730183766,0.33040043998729723
0.6395277686497671,-0.2752920852295069,0.31382222830608564
0.726475998438734,-0.2882719134449543,0.36129252554046254
0.7238748804486576,-0.2861785393851897,0.32992322624391823
0.6523054537868838,-0.2712141263140794,0.33964915415082964
0.7291526583755311,-0.2873976110529352,0.3442672899606015
0.66738280986375,-0.2731715982614512,0.35504345972548973
0.7558881344339506,-0.296351653719897,0.36684782257582393
0.6316680700042884,-0.27030468037336736,0.3443144102629837
0.6028968782349464,-0.2589708752799962,0.34304414835653335
0.7191488607202831,-0.3035761810547347,0.3430029397477541
0.7204356539210687,-0.29312345812614893,0.36496075310733306
0.7133612656867345,-0.30125520515823495,0.3288377590119203
0.7152481071603102,-0.28582768707790585,0.33365368253261823
0.6732494051144221,-0.29116285590197544,0.32286632923653297
0.692409256689095,-0.2804454892434566,0.3254769769146544
0.7149530165928595,-0.2876860972096535,0.3320627055391711
0.6097415005914554,-0.25067126403209766,0.32486659386890393
0.6958866111032158,-0.28148462240183497,0.32843397186389633
0.6855655585572766,-0.27729123493920965,0.32552575091530656
0.7756954816011055,-0.3076532750704969,0.3407872857221146
0.6658688609890286,-0.2691633910686227,0.3610447663195745
0.6551712805332673,-0.27083047088827983,0.3218513752129746
0.704509730779353,-0.291006615049461,0.33028820297597983
0.7501799830692722,-0.2923165100328525,0.32892685475152106
0.6528574377456486,-0.2705754563217635,0.3427400641632317
0.7801610208659319,-0.3037057582126772,0.36081988535970355
0.7261228210630247,-0.28948763755134455,0.33984922762634995
0.7399174274165243,-0.30529391933109445,0.3298250568891561
0.6709456839310609,-0.27392339806836796,0.3476166983365294
0.6856985070828429,-0.28093792279253915,0.3355031016333169
0.7993150180142946,-0.29840008849335753,0.33808038700843385
0.8250864823970199,-0.3111280655995412,0.3318403156869099
0.6205640152212775,-0.26031897068995935,0.3247340226959809
0.5779518689332728,-0.2514584495809523,0.3324073145145118
0.652232065240654,-0.2758147823981834,0.3415839956082029
0.6939378434812259,-0.28066902643797986,0.32724748294634276
0.7123423303413501,-0.2890350016816109,0.33118994522584694
0.6771861295571585,-0.2839757135918242,0.34259125640378346
0.7179151463077604,-0.2911983720526167,0.32541322399835826
0.7149061014220435,-0.2874762789779846,0.32248698380278107
0.768089633436944,-0.30277751536182645,0.3156795147893393
0.6837456514875638,-0.2837898743305114,0.34602742651969287
0.607076471930391,-0.26760186252086066,0.3395515066131793
0.6173825041472457,-0.2651019743741482,0.33356492363644463
0.7869277850436607,-0.31271966629523873,0.33455184951965183
0.6624158475739925,-0.2693260028434352,0.29930223549216256
0.7187111549762866,-0.29661273286737977,0.366392352358065
0.7807681485395129,-0.3080718470152165,0.3116168551435401
0.9020786699447445,-0.337847959477743,0.3413050872960416
0.7705493389387408,-0.29861552031771005,0.3249794702142145
0.6205733849415517,-0.26836388004521056,0.29953190200332347
0.6698248397522572,-0.2759723246208003,0.3263501966702043
0.6299561284028292,-0.2757796733199961,0.35888202957813936
0.6374554557740345,-0.2606156957679274,0.3560330306239753
0.771756386142627,-0.30963072571368777,0.3274911395393647
0.8038387424467541,-0.30759874587696867,0.32494679064756643
0.6745249649956034,-0.28648366409478676,0.36757683520208684
0.6409479923734347,-0.26562768220426625,0.3473075532944541
0.6701133387169069,-0.28003968176164273,0.34071777367079453
0.7350683779926637,-0.29304630967523376,0.3304417163642573
0.6774527458237734,-0.2796364473885874,0.3173960392862742
0.6431787591968269,-0.2695129477735603,0.34939697989094615
0.665732270521661,-0.2742364139055696,0.333068021854064
0.6074210443586602,-0.2606672514475507,0.3539242654314085
0.6650569794541727,-0.2759560325295804,0.34376676834903025
0.6679718823383282,-0.2687755166350092,0.33503302575838045
0.7090652384182675,-0.29152971583005427,0.3311259305385668
0.7676427553813506,-0.29521259632245594,0.3300450887794409
0.5959718274183101,-0.25379812638871085,0.33942160155182227
0.6354618307144402,-0.2666143697663966,0.31019546845544005
0.7295298290057085,-0.2833463929187363,0.33504350393423443
0.7073601176134133,-0.2863829518857298,0.32620079905630095
0.6577536398899237,-0.2817288224758926,0.334134934660728
0.7205163130025565,-0.29146449573973326,0.33352810797275945
0.7013223477597373,-0.2876190410165954,0.3286747884418043
0.7383662718165748,-0.29291700681178284,0.33427870156265443
0.7141154381230705,-0.2898218479536821,0.3394746893400835
0.6086263738356306,-0.25991779892596123,0.3361499818621264
0.6735950221214191,-0.2760952936078333,0.35276681529684223
0.6403620447416077,-0.26188010457865774,0.3292007344073599
0.6388333671652546,-0.2744360936143522,0.32870075777099284
0.5917646395452302,-0.26031380583909614,0.33348021456516136
0.70370454741746,-0.2822028666739125,0.36160648002074625
0.5027705967190802,-0.2311834138873882,0.363043639324447
0.5418614968178096,-0.24463698449113636,0.351495429771429
0.6885220893715729,-0.2804646974740076,0.32853836540314
0.7111797680212677,-0.2885048809501563,0.30002128231556
0.7502471765096913,-0.3038766339928025,0.3400838038898904
0.7054639063098755,-0.284755606019769,0.32158925742755606
0.7054302801238187,-0.2910096859467032,0.32905358137005336
0.6940415226779952,-0.2871720546722933,0.3382848909847348
0.6112402209886945,-0.26890228818601014,0.3334856501792941
0.6371061661641992,-0.263009577557541,0.32237703445405275
0.559157443033804,-0.25205901066393016,0.3558294704008272
0.6031725465745285,-0.25952987763908014,0.33979231197648574
0.6400550216189348,-0.27263007959319274,0.3547218558651178
0.7107945848606592,-0.28400015416586954,0.3136534149666362
0.7380731695093623,-0.30037381554295645,0.3589385796782425
0.5926366557759065,-0.25991802110429774,0.3230342305480924
0.6536178762133515,-0.2699027120241167,0.34698741546921225
0.708292202007911,-0.28190525295623026,0.3316795718835755
0.7068777717497093,-0.29951724330867807,0.3584248505942067
0.6188795821945596,-0.27026723670436303,0.3579944435895632
0.6903769715256594,-0.2816453938572326,0.3298158712045737
0.7257219953768581,-0.2943895872173354,0.3277198807222212
0.7247024014198431,-0.2882014553507649,0.3633615929382692
0.6684941202634143,-0.281588005178476,0.3374975782599917
0.7072481084800396,-0.28484767394233235,0.3364383127871807
0.705800954306754,-0.28409131377949154,0.3134641437704015
