stage,patch_lookup_path,last_removal_step,alive_end,removed_end,area_retained_km2,area_removed_km2,cells_removed_stage,area_removed_stage_km2,events_in_stage,prop_cells_removed_end,prop_area_removed_end,pct_cells_removed_end,pct_area_removed_end
0,,0,2129706,0,191105.155156776,0,0,0,0,0,0,0,0
1,Data/Applications/madagascar/qe_500/Runs/remove_1000_stage_50/Curves/q025/Run/patch_lookup_tables/stage_patch_lookup_stage_0001.csv,50,2079046,50660,186552.687421943,4552.46773483375,50660,4552.46773483376,50,0.0237873208790321,0.0238217945041779,2.37873208790321,2.38217945041779
2,Data/Applications/madagascar/qe_500/Runs/remove_1000_stage_50/Curves/q025/Run/patch_lookup_tables/stage_patch_lookup_stage_0002.csv,100,2028996,100710,182042.132733071,9063.02242370501,50050,4510.55468887126,50,0.0472882172468876,0.0474242697234934,4.72882172468876,4.74242697234934
3,Data/Applications/madagascar/qe_500/Runs/remove_1000_stage_50/Curves/q025/Run/patch_lookup_tables/stage_patch_lookup_stage_0003.csv,151,1978492,151214,177498.275268684,13606.8798880926,50504,4543.85746438761,51,0.0710022885787991,0.0712010090828265,7.10022885787991,7.12010090828265
4,Data/Applications/madagascar/qe_500/Runs/remove_1000_stage_50/Curves/q025/Run/patch_lookup_tables/stage_patch_lookup_stage_0004.csv,202,1928150,201556,172986.129775276,18119.0253815004,50342,4512.14549340779,51,0.0946402930733162,0.0948118085387919,9.46402930733162,9.48118085387919
5,Data/Applications/madagascar/qe_500/Runs/remove_1000_stage_50/Curves/q025/Run/patch_lookup_tables/stage_patch_lookup_stage_0005.csv,253,1877995,251711,168480.924795482,22624.2303612942,50155,4505.20497979383,51,0.118190492020964,0.118386290221915,11.8190492020964,11.8386290221915
6,Data/Applications/madagascar/qe_500/Runs/remove_1000_stage_50/Curves/q025/Run/patch_lookup_tables/stage_patch_lookup_stage_0006.csv,304,1827954,301752,163918.932534496,27186.2226222805,50041,4561.99226098626,51,0.141687162453409,0.14225792391617,14.1687162453409,14.225792391617
7,Data/Applications/madagascar/qe_500/Runs/remove_1000_stage_50/Curves/q025/Run/patch_lookup_tables/stage_patch_lookup_stage_0007.csv,356,1777919,351787,159380.425499248,31724.7296575281,50035,4538.50703524756,52,0.16518101559558,0.166006665971424,16.518101559558,16.6006665971424
8,Data/Applications/madagascar/qe_500/Runs/remove_1000_stage_50/Curves/q025/Run/patch_lookup_tables/stage_patch_lookup_stage_0008.csv,408,1727806,401900,154890.868248575,36214.2869082011,50113,4489.55725067306,52,0.188711493511311,0.189499267450384,18.8711493511311,18.9499267450384
9,Data/Applications/madagascar/qe_500/Runs/remove_1000_stage_50/Curves/q025/Run/patch_lookup_tables/stage_patch_lookup_stage_0009.csv,460,1677755,451951,150416.682641548,40688.4725152288,50051,4474.18560702769,52,0.212212859427545,0.212911433403507,21.2212859427545,21.2911433403507
10,Data/Applications/madagascar/qe_500/Runs/remove_1000_stage_50/Curves/q025/Run/patch_lookup_tables/stage_patch_lookup_stage_0010.csv,511,1627693,502013,145941.6043087,45163.5508480768,50062,4475.07833284794,51,0.235719390375949,0.236328270741969,23.5719390375949,23.6328270741969
11,Data/Applications/madagascar/qe_500/Runs/remove_1000_stage_50/Curves/q025/Run/patch_lookup_tables/stage_patch_lookup_stage_0011.csv,563,1577641,552065,141461.570602905,49643.5845538718,50052,4480.033705795,52,0.259221225840562,0.259771038165589,25.9221225840562,25.9771038165589
12,Data/Applications/madagascar/qe_500/Runs/remove_1000_stage_50/Curves/q025/Run/patch_lookup_tables/stage_patch_lookup_stage_0012.csv,615,1527575,602131,136922.08440809,54183.0707486866,50066,4539.4861948148,52,0.282729634982481,0.283524903889885,28.2729634982481,28.3524903889885
13,Data/Applications/madagascar/qe_500/Runs/remove_1000_stage_50/Curves/q025/Run/patch_lookup_tables/stage_patch_lookup_stage_0013.csv,666,1477546,652160,132476.241896469,58628.9132603074,50029,4445.84251162081,51,0.306220670834378,0.306788758326326,30.6220670834378,30.6788758326326
14,Data/Applications/madagascar/qe_500/Runs/remove_1000_stage_50/Curves/q025/Run/patch_lookup_tables/stage_patch_lookup_stage_0014.csv,718,1427504,702202,128086.827856241,63018.3273005356,50042,4389.41404022825,52,0.329717810815202,0.329757338303289,32.9717810815202,32.9757338303289
15,Data/Applications/madagascar/qe_500/Runs/remove_1000_stage_50/Curves/q025/Run/patch_lookup_tables/stage_patch_lookup_stage_0015.csv,769,1377461,752245,123607.716844745,67497.4383120314,50043,4479.11101149584,51,0.353215420344404,0.353195277524872,35.3215420344404,35.3195277524872
16,Data/Applications/madagascar/qe_500/Runs/remove_1000_stage_50/Curves/q025/Run/patch_lookup_tables/stage_patch_lookup_stage_0016.csv,821,1327300,802406,119118.777619095,71986.3775376814,50161,4488.93922564995,52,0.376768436582326,0.376684645051182,37.6768436582326,37.6684645051182
17,Data/Applications/madagascar/qe_500/Runs/remove_1000_stage_50/Curves/q025/Run/patch_lookup_tables/stage_patch_lookup_stage_0017.csv,872,1277210,852496,114663.591772181,76441.5633845955,50090,4455.18584691408,51,0.400288114885341,0.399997390556447,40.0288114885341,39.9997390556447
18,Data/Applications/madagascar/qe_500/Runs/remove_1000_stage_50/Curves/q025/Run/patch_lookup_tables/stage_patch_lookup_stage_0018.csv,924,1227163,902543,110222.795081837,80882.36007494,50047,4440.7966903445,52,0.42378760260806,0.42323484161684,42.378760260806,42.323484161684
19,Data/Applications/madagascar/qe_500/Runs/remove_1000_stage_50/Curves/q025/Run/patch_lookup_tables/stage_patch_lookup_stage_0019.csv,975,1177120,952586,105827.620488898,85277.5346678789,50043,4395.17459293892,51,0.447285212137262,0.446233564960192,44.7285212137262,44.6233564960192
20,Data/Applications/madagascar/qe_500/Runs/remove_1000_stage_50/Curves/q025/Run/patch_lookup_tables/stage_patch_lookup_stage_0020.csv,1027,1127065,1002641,101393.261155874,89711.894000902,50055,4434.35933302312,52,0.470788456247013,0.46943733112435,47.0788456247013,46.943733112435
21,Data/Applications/madagascar/qe_500/Runs/remove_1000_stage_50/Curves/q025/Run/patch_lookup_tables/stage_patch_lookup_stage_0021.csv,1079,1077030,1052676,96972.9488871424,94132.2062696341,50035,4420.31226873209,52,0.494282309389183,0.492567592917162,49.4282309389183,49.2567592917162
22,Data/Applications/madagascar/qe_500/Runs/remove_1000_stage_50/Curves/q025/Run/patch_lookup_tables/stage_patch_lookup_stage_0022.csv,1131,1026989,1102717,92525.6040774254,98579.5510793511,50041,4447.344809717,52,0.517778979821628,0.515839308460725,51.7778979821628,51.5839308460725
23,Data/Applications/madagascar/qe_500/Runs/remove_1000_stage_50/Curves/q025/Run/patch_lookup_tables/stage_patch_lookup_stage_0023.csv,1182,976959,1152747,88109.6438870347,102995.511269742,50030,4415.96019039063,51,0.541270485221904,0.538946797040862,54.1270485221904,53.8946797040862
24,Data/Applications/madagascar/qe_500/Runs/remove_1000_stage_50/Curves/q025/Run/patch_lookup_tables/stage_patch_lookup_stage_0024.csv,1233,926899,1202807,83623.2861499085,107481.869006868,50060,4486.35773712623,51,0.564776077073549,0.562422656357404,56.4776077073549,56.2422656357404
25,Data/Applications/madagascar/qe_500/Runs/remove_1000_stage_50/Curves/q025/Run/patch_lookup_tables/stage_patch_lookup_stage_0025.csv,1283,876791,1252915,79091.8361157844,112013.319040992,50108,4531.45003412412,50,0.588304207247385,0.586134471093153,58.8304207247385,58.6134471093153
26,Data/Applications/madagascar/qe_500/Runs/remove_1000_stage_50/Curves/q025/Run/patch_lookup_tables/stage_patch_lookup_stage_0026.csv,1335,826718,1302988,74585.1018163168,116520.05334046,50073,4506.73429946754,52,0.611815903227957,0.60971695527978,61.1815903227957,60.971695527978
27,Data/Applications/madagascar/qe_500/Runs/remove_1000_stage_50/Curves/q025/Run/patch_lookup_tables/stage_patch_lookup_stage_0027.csv,1387,776700,1353006,70019.1591846902,121085.995972086,50018,4565.94263162663,52,0.635301774047686,0.633609260162298,63.5301774047686,63.3609260162298
28,Data/Applications/madagascar/qe_500/Runs/remove_1000_stage_50/Curves/q025/Run/patch_lookup_tables/stage_patch_lookup_stage_0028.csv,1439,726626,1403080,65484.6315583667,125620.52359841,50074,4534.52762632353,52,0.658813939576636,0.657337179080045,65.8813939576636,65.7337179080045
29,Data/Applications/madagascar/qe_500/Runs/remove_1000_stage_50/Curves/q025/Run/patch_lookup_tables/stage_patch_lookup_stage_0029.csv,1490,676580,1453126,61011.3114718624,130093.843684914,50046,4473.32008650424,51,0.682312957750976,0.680744816005561,68.2312957750976,68.0744816005561
30,Data/Applications/madagascar/qe_500/Runs/remove_1000_stage_50/Curves/q025/Run/patch_lookup_tables/stage_patch_lookup_stage_0030.csv,1540,626580,1503126,56592.3628762588,134512.792280518,50000,4418.94859560366,50,0.705790376699883,0.703867942077061,70.5790376699883,70.3867942077061
31,Data/Applications/madagascar/qe_500/Runs/remove_1000_stage_50/Curves/q025/Run/patch_lookup_tables/stage_patch_lookup_stage_0031.csv,1592,576552,1553154,52120.8215738251,138984.333582951,50028,4471.54130243367,52,0.729280943003401,0.727266271121431,72.9280943003401,72.7266271121431
32,Data/Applications/madagascar/qe_500/Runs/remove_1000_stage_50/Curves/q025/Run/patch_lookup_tables/stage_patch_lookup_stage_0032.csv,1642,526552,1603154,47678.7179422866,143426.43721449,50000,4442.10363153852,50,0.752758361952307,0.75051056104074,75.2758361952307,75.051056104074
33,Data/Applications/madagascar/qe_500/Runs/remove_1000_stage_50/Curves/q025/Run/patch_lookup_tables/stage_patch_lookup_stage_0033.csv,1692,476549,1653157,43221.0115501494,147884.143606627,50003,4457.70639213716,50,0.776237189546351,0.773836495856471,77.6237189546351,77.3836495856471
34,Data/Applications/madagascar/qe_500/Runs/remove_1000_stage_50/Curves/q025/Run/patch_lookup_tables/stage_patch_lookup_stage_0034.csv,1744,426508,1703198,38661.01204666,152444.143110116,50041,4559.9995034894,52,0.799733859978795,0.797697702006292,79.9733859978795,79.7697702006292
35,Data/Applications/madagascar/qe_500/Runs/remove_1000_stage_50/Curves/q025/Run/patch_lookup_tables/stage_patch_lookup_stage_0035.csv,1796,376434,1753272,34128.0911864935,156977.063970283,50074,4532.92086016655,52,0.823246025507746,0.821417213164679,82.3246025507746,82.1417213164679
36,Data/Applications/madagascar/qe_500/Runs/remove_1000_stage_50/Curves/q025/Run/patch_lookup_tables/stage_patch_lookup_stage_0036.csv,1846,326434,1803272,29549.3916305643,161555.763526212,50000,4578.69955592916,50,0.846723444456653,0.845376271475655,84.6723444456653,84.5376271475655
37,Data/Applications/madagascar/qe_500/Runs/remove_1000_stage_50/Curves/q025/Run/patch_lookup_tables/stage_patch_lookup_stage_0037.csv,1896,276434,1853272,24967.759050545,166137.396106232,50000,4581.63258001935,50,0.870200863405559,0.869350677484015,87.0200863405559,86.9350677484015
38,Data/Applications/madagascar/qe_500/Runs/remove_1000_stage_50/Curves/q025/Run/patch_lookup_tables/stage_patch_lookup_stage_0038.csv,1948,226352,1903354,20425.7398080762,170679.4153487,50082,4542.01924246877,52,0.893716785321542,0.893117797940513,89.3716785321542,89.3117797940513
39,Data/Applications/madagascar/qe_500/Runs/remove_1000_stage_50/Curves/q025/Run/patch_lookup_tables/stage_patch_lookup_stage_0039.csv,2000,176238,1953468,15909.8951084499,175195.260048327,50114,4515.84469962624,52,0.917247732785652,0.916747954311342,91.7247732785652,91.6747954311342
40,Data/Applications/madagascar/qe_500/Runs/remove_1000_stage_50/Curves/q025/Run/patch_lookup_tables/stage_patch_lookup_stage_0040.csv,2052,125769,2003937,11349.5426724032,179755.612484373,50469,4560.35243604675,52,0.9409453699243,0.940611007258845,94.09453699243,94.0611007258845
41,Data/Applications/madagascar/qe_500/Runs/remove_1000_stage_50/Curves/q025/Run/patch_lookup_tables/stage_patch_lookup_stage_0041.csv,2103,75618,2054088,6854.36887229592,184250.786284481,50151,4495.17380010727,51,0.964493690678432,0.964132998575194,96.4493690678432,96.4132998575194
42,Data/Applications/madagascar/qe_500/Runs/remove_1000_stage_50/Curves/q025/Run/patch_lookup_tables/stage_patch_lookup_stage_0042.csv,2154,25493,2104213,2314.85430779427,188790.300848982,50125,4539.51456450164,51,0.98802980317471,0.987887012750152,98.802980317471,98.7887012750152
43,Data/Applications/madagascar/qe_500/Runs/remove_1000_stage_50/Curves/q025/Run/patch_lookup_tables/stage_patch_lookup_stage_0043.csv,2176,4431,2125275,406.668436155276,190698.486720621,21062,1908.185871639,22,0.997919431132748,0.997872017445989,99.7919431132748,99.7872017445989
